arms.left.joint_margin_min_rad,arms.left.position_error_norm_mean_m,arms.left.position_error_norm_peak_m,arms.left.position_error_norm_rmse_m,arms.left.rotation_error_norm_mean_rad,arms.left.rotation_error_norm_peak_rad,arms.left.rotation_error_norm_rmse_rad,arms.left.velocity_saturation_overall_pct,arms.right.joint_margin_min_rad,arms.right.position_error_norm_mean_m,arms.right.position_error_norm_peak_m,arms.right.position_error_norm_rmse_m,arms.right.rotation_error_norm_mean_rad,arms.right.rotation_error_norm_peak_rad,arms.right.rotation_error_norm_rmse_rad,arms.right.velocity_saturation_overall_pct,config_id,disqualification.0,disqualification.1,disqualification.2,disqualification.3,disqualification.4,disqualification.x,disqualification.y,disqualification.z,gains.DAMPING,gains.KD_POS,gains.KD_ROT,gains.KP_POS,gains.KP_ROT,gains.K_NULL,headroom_mean_frac,headroom_p95_frac,settle_duration_s,settled,stage,valid,velocity_saturation_overall_pct,warning_reasons.0,warning_reasons.1,warning_reasons.2,warning_reasons.3,warning_reasons.x,warning_reasons.y,warning_reasons.z,worst_arm_joint_margin_min_rad,worst_arm_pos_rmse_m,worst_arm_rot_rmse_rad
-0.006637777098009501,0.10347096382633138,0.2581709138738311,0.1275852672497497,0.015280740469659026,0.03864313292121569,0.01883676780635614,0.5851428571428572,-0.0070020356127624694,0.10292347826169201,0.25801376088228944,0.1270660245222155,0.015428474270754305,0.03898237226315933,0.019079697977782507,0.5325714285714286,s0_baseline,,,,,,,,,0.05,0.3,0.3,2.0,2.0,1.0,0.30824288255607235,0.9349719856583577,9.023999999999683,True,0,False,0.5851428571428572,negative joint margin,,,,,,,-0.0070020356127624694,0.1275852672497497,0.019079697977782507
0.005082599730843906,0.16180044621749756,0.2770675157971598,0.1789625017333013,0.005194978815164529,0.014647212796700514,0.0059285074864425845,0.0,-0.006635720345553153,0.16151005645811906,0.2770698640465438,0.1786715114857521,0.005261057775277159,0.014827749170014655,0.006003941442384249,0.0,s1_kp0.5_kd0,not settled,,,,,,,,0.05,0.0,0.3,0.5,2.0,1.0,0.20440252384677016,0.5542082474186208,15.000000000001679,False,1,False,0.0,settling timeout,negative joint margin,,,,,,-0.006635720345553153,0.1789625017333013,0.006003941442384249
0.009830946843424115,0.15195318198369828,0.2749648011594536,0.1694440639028474,0.005018303300414972,0.014033291358292434,0.0057263507448667575,0.0,-0.006738288972929496,0.15167206966041244,0.27494509367366177,0.1691476319815822,0.005102381366953007,0.013909220895070585,0.0057897881545299025,0.0,s1_kp0.5_kd0.15,not settled,,,,,,,,0.05,0.15,0.3,0.5,2.0,1.0,0.20056706722411027,0.5336869869072279,15.000000000001679,False,1,False,0.0,settling timeout,negative joint margin,,,,,,-0.006738288972929496,0.1694440639028474,0.0057897881545299025
0.006641911122905242,0.14310929748160767,0.2729280805477448,0.16102966451925463,0.004993609613276351,0.01387171164979917,0.005718254417270615,0.0,-0.007087552974061939,0.14281132711878058,0.2726723050007578,0.1606980098516365,0.0051839930598615224,0.013721820398062391,0.005905127539343813,0.0,s1_kp0.5_kd0.3,not settled,,,,,,,,0.05,0.3,0.3,0.5,2.0,1.0,0.2007078717973557,0.5277635543051545,15.000000000001679,False,1,False,0.0,settling timeout,negative joint margin,,,,,,-0.007087552974061939,0.16102966451925463,0.005905127539343813
0.004453397922273172,0.13509757635737318,0.27117116149929843,0.15363795590315463,0.005070719136593693,0.0140145158876329,0.005840503766652411,0.0,-0.007255956703089872,0.1347894856411315,0.2708316742307333,0.15329005925024036,0.005377834481048139,0.013833713321903243,0.0061787809198287375,0.0,s1_kp0.5_kd0.45,not settled,,,,,,,,0.05,0.45,0.3,0.5,2.0,1.0,0.20364007176649285,0.5317970786296924,15.000000000001679,False,1,False,0.0,settling timeout,negative joint margin,,,,,,-0.007255956703089872,0.15363795590315463,0.0061787809198287375
0.0025457854582473516,0.12783962453903921,0.2696510823097994,0.1472425570698906,0.005209087330617058,0.014337748487510902,0.006042677807827464,0.0,-0.007317684758671117,0.1275358636023516,0.2693028808446524,0.1468999256653705,0.005612680661294674,0.014123501126166409,0.0065227779147299155,0.0,s1_kp0.5_kd0.6,not settled,,,,,,,,0.05,0.6,0.3,0.5,2.0,1.0,0.2082244484194003,0.5420410379141778,15.000000000001679,False,1,False,0.0,settling timeout,negative joint margin,,,,,,-0.007317684758671117,0.1472425570698906,0.0065227779147299155
0.0014822042817645986,0.1213325623748453,0.26832245931290044,0.14182155042933944,0.005380240829478471,0.014750435814723444,0.006290104216413921,0.0,-0.007216480604363973,0.12105095784907166,0.2679998938656366,0.1415028237868474,0.005851323914086027,0.01450271320169112,0.00688104191188805,0.0,s1_kp0.5_kd0.75,not settled,,,,,,,,0.05,0.75,0.3,0.5,2.0,1.0,0.21360243659733813,0.5560129160726585,15.000000000001679,False,1,False,0.0,settling timeout,negative joint margin,,,,,,-0.007216480604363973,0.14182155042933944,0.00688104191188805
0.0013860124423206166,0.11564861055841044,0.26715053396669225,0.13733832650444605,0.005566215454592307,0.015192264193908437,0.006561117662495051,0.0,-0.0067594743835770466,0.11541736707189328,0.2668699283873384,0.13705885000747034,0.006074378362973864,0.014913528702066534,0.007221619623628207,0.0,s1_kp0.5_kd0.9,not settled,,,,,,,,0.05,0.9,0.3,0.5,2.0,1.0,0.21922434322690687,0.5709944261449948,15.000000000001679,False,1,False,0.0,settling timeout,negative joint margin,,,,,,-0.0067594743835770466,0.13733832650444605,0.007221619623628207
-0.004338290351259655,0.14543520588923156,0.26627968201002744,0.1618711108420529,0.007350828795717916,0.020375203669666168,0.008536473066508935,0.0,-0.006911405435592766,0.1451271673906585,0.26628755591633213,0.16157389156318627,0.0072588092740395955,0.017756217723638185,0.00829222354835571,0.0,s1_kp0.7671_kd0,not settled,,,,,,,,0.05,0.0,0.3,0.7671,2.0,1.0,0.24161373462815536,0.6978650422245675,15.000000000001679,False,1,False,0.0,settling timeout,negative joint margin,,,,,,-0.006911405435592766,0.1618711108420529,0.008536473066508935
0.0054590342912508305,0.1389508368650159,0.2661792042104862,0.15608657221112612,0.007097393754906368,0.019137912340570197,0.008248681233953361,0.0,-0.005692665798119556,0.13857011479404252,0.2660023803781624,0.1556844856808908,0.007301555058182723,0.018904044355685417,0.00843316998613791,0.0,s1_kp0.7671_kd0.15,not settled,,,,,,,,0.05,0.15,0.3,0.7671,2.0,1.0,0.23719697315301558,0.6731116252971955,15.000000000001679,False,1,False,0.0,settling timeout,negative joint margin,,,,,,-0.005692665798119556,0.15608657221112612,0.00843316998613791
0.005216288138244263,0.13292517639377124,0.265920490914659,0.15081669672335749,0.006957943375874322,0.018427981080051985,0.00811632133279413,0.0,-0.006122346043446303,0.13254012308743132,0.26563503093329777,0.15039600675869172,0.007306331779384707,0.018055147100268988,0.00846693812018675,0.0,s1_kp0.7671_kd0.3,not settled,,,,,,,,0.05,0.3,0.3,0.7671,2.0,1.0,0.23497805624905427,0.6558311092575903,15.000000000001679,False,1,False,0.0,settling timeout,negative joint margin,,,,,,-0.006122346043446303,0.15081669672335749,0.00846693812018675
0.0021827179867903723,0.1273194040465315,0.2655664092559647,0.14605963613387984,0.006908907834156743,0.017991496128431136,0.008098738987672159,0.0,-0.006356096777332176,0.12692906570750917,0.2652241181329858,0.14562721096509262,0.007403678135221868,0.017606812882733854,0.008652902896270217,0.0,s1_kp0.7671_kd0.45,not settled,,,,,,,,0.05,0.45,0.3,0.7671,2.0,1.0,0.23449978721819179,0.6450369602271356,15.000000000001679,False,1,False,0.0,settling timeout,negative joint margin,,,,,,-0.006356096777332176,0.14605963613387984,0.008652902896270217
-0.0006063604939825495,0.12210183010225424,0.2651612308141275,0.1418116449595538,0.006927781330708112,0.017752483801593354,0.00816895443561776,0.0,-0.006447980574255219,0.12171133762786002,0.2647939338501455,0.14137754781252007,0.0075591001063172935,0.017353528111163915,0.008934983945178748,0.0,s1_kp0.7671_kd0.6,not settled,,,,,,,,0.05,0.6,0.3,0.7671,2.0,1.0,0.23534534092406978,0.6394313171043131,15.000000000001679,False,1,False,0.0,settling timeout,negative joint margin,,,,,,-0.006447980574255219,0.1418116449595538,0.008934983945178748
-0.002194453903839211,0.11725468646862058,0.2647192763634473,0.13806069879078123,0.007004069864798346,0.017650928820655488,0.008315561447530019,0.0,-0.006425888077982389,0.11687508339048905,0.2643599486076236,0.1376389207873257,0.0077489765337213036,0.017237144171390616,0.009277051945472679,0.0,s1_kp0.7671_kd0.75,not settled,,,,,,,,0.05,0.75,0.3,0.7671,2.0,1.0,0.23711822742090793,0.6380036298245416,15.000000000001679,False,1,False,0.0,settling timeout,negative joint margin,,,,,,-0.006425888077982389,0.13806069879078123,0.009277051945472679
-0.0022514125237456106,0.11277111824224081,0.26424400992359925,0.13477970963949054,0.007156113995090408,0.017638312442572055,0.008567386419409607,0.0,-0.006313134124038555,0.11242452632207121,0.26393224922085656,0.13439593532647642,0.007956833168643096,0.018224967311346024,0.00965268666124189,0.0,s1_kp0.7671_kd0.9,not settled,,,,,,,,0.05,0.9,0.3,0.7671,2.0,1.0,0.23946946463872812,0.6394260070320501,15.000000000001679,False,1,False,0.0,settling timeout,negative joint margin,,,,,,-0.006313134124038555,0.13477970963949054,0.00965268666124189
-0.006662786352164662,0.12710393940635717,0.2614085578257057,0.14518803691007728,0.010015208473282683,0.02296362267160031,0.011778942296471017,0.0,-0.00701026714495967,0.12669606517094972,0.261305023199938,0.1447659761155188,0.01038804268381992,0.023088096406178742,0.01200146802372291,0.0,s1_kp1.177_kd0,,,,,,,,,0.05,0.0,0.3,1.177,2.0,1.0,0.27526355304943456,0.8201983187681814,12.514000000000848,True,1,False,0.0,negative joint margin,,,,,,,-0.00701026714495967,0.14518803691007728,0.01200146802372291
-0.006328257872397103,0.1234742755467738,0.2614467062014637,0.14226253811804818,0.009870596781015645,0.024425202829809676,0.011808045121588643,0.0,-0.006935339809273966,0.12310145928184336,0.2612782272080253,0.14185911342883784,0.010174019136017533,0.023123225144257093,0.011953116704504354,0.0,s1_kp1.177_kd0.15,,,,,,,,,0.05,0.15,0.3,1.177,2.0,1.0,0.27096451011102124,0.7998241844811705,13.204000000001079,True,1,False,0.0,negative joint margin,,,,,,,-0.006935339809273966,0.14226253811804818,0.011953116704504354
0.00017449555658544114,0.12000096042983532,0.2614521598186717,0.13954462763209077,0.00975103095026962,0.02390107845699593,0.01170745695748729,0.0,-0.007008942437200627,0.11958966771975155,0.26123315404324615,0.13909665231727947,0.010260390114906114,0.02330622115710403,0.012216598642819328,0.0,s1_kp1.177_kd0.3,,,,,,,,,0.05,0.3,0.3,1.177,2.0,1.0,0.2678471730598083,0.7810168416546038,13.872000000001302,True,1,False,0.0,negative joint margin,,,,,,,-0.007008942437200627,0.13954462763209077,0.012216598642819328
0.00021190117860392377,0.11665833227269023,0.2614212920148138,0.13700730551709567,0.00961720188272171,0.022961977321202868,0.011607760168197857,0.0,-0.007048525545045425,0.11624714149385647,0.2611658675965753,0.13655451993982115,0.01028567837091939,0.023635061001694567,0.012330771120281437,0.0,s1_kp1.177_kd0.45,,,,,,,,,0.05,0.45,0.3,1.177,2.0,1.0,0.26579712988872795,0.7639663712754592,14.544000000001526,True,1,False,0.0,negative joint margin,,,,,,,-0.007048525545045425,0.13700730551709567,0.012330771120281437
-0.0005401298348717276,0.11341138057522085,0.2613247766252033,0.1346174165397048,0.009590165353252357,0.023304507058312718,0.011648877950384728,0.0,-0.006965084379166875,0.11301686048175973,0.2610760328554916,0.13419003205630237,0.01034438695374278,0.0241039909446894,0.012515663813583905,0.0,s1_kp1.177_kd0.6,not settled,,,,,,,,0.05,0.6,0.3,1.177,2.0,1.0,0.26459033437990753,0.7503399224238922,15.000000000001679,False,1,False,0.0,settling timeout,negative joint margin,,,,,,-0.006965084379166875,0.1346174165397048,0.012515663813583905
-0.000690902857817921,0.11026445123928473,0.2611974166268431,0.13239923038895693,0.0096275410334085,0.023801786332383692,0.011781236150667352,0.038857142857142854,-0.0068845404887500905,0.10988400738108332,0.2609658133432627,0.13200165992119495,0.010457142709141562,0.02470383309121539,0.012778828685207477,0.0,s1_kp1.177_kd0.75,not settled,,,,,,,,0.05,0.75,0.3,1.177,2.0,1.0,0.26399364769140266,0.7393127318216572,15.000000000001679,False,1,False,0.038857142857142854,settling timeout,negative joint margin,,,,,,-0.0068845404887500905,0.13239923038895693,0.012778828685207477
-0.000792796028040943,0.1072623611282791,0.2610565651260357,0.13038711201043546,0.009701920184670925,0.024397546467636352,0.011973788378185385,0.104,-0.006440718420727354,0.10690055087062703,0.2608394486113285,0.13001931123450458,0.010592864594224366,0.025408260188663802,0.013078508416069346,0.09485714285714286,s1_kp1.177_kd0.9,not settled,,,,,,,,0.05,0.9,0.3,1.177,2.0,1.0,0.26405990419470754,0.7305845615746673,15.000000000001679,False,1,False,0.104,settling timeout,negative joint margin,,,,,,-0.006440718420727354,0.13038711201043546,0.013078508416069346
-0.006783446109352997,0.11023079944462381,0.2589078529962544,0.13219468979546953,0.015337614941807172,0.03499752603900898,0.01827441523451767,0.5737142857142857,-0.00705443143767992,0.10961891485568334,0.2587746493500782,0.13159716417824655,0.015258224418592186,0.035195742448079576,0.018005231309457477,0.5177142857142857,s1_kp1.805_kd0,contact detected,torso contact detected,,,,,,,0.05,0.0,0.3,1.805,2.0,1.0,0.3084685929963361,0.9461317718367058,9.063999999999696,True,1,False,0.5737142857142857,,,,,contact detected,torso contact detected,negative joint margin,-0.00705443143767992,0.13219468979546953,0.01827441523451767
-0.006723596318800151,0.10833506106219826,0.2588584264052626,0.13085976946915964,0.01399554600532403,0.03489545263961837,0.016985922200604808,0.5325714285714286,-0.007020605896618015,0.10774172130624636,0.2586873419458488,0.1302798284160486,0.014306816903920836,0.03521991507386799,0.017342639349311108,0.4742857142857143,s1_kp1.805_kd0.15,,,,,,,,,0.05,0.15,0.3,1.805,2.0,1.0,0.303876642902328,0.9225874870391753,9.293999999999773,True,1,False,0.5325714285714286,negative joint margin,,,,,,,-0.007020605896618015,0.13085976946915964,0.017342639349311108
-0.006568316341165392,0.10647165782592663,0.2587773653559327,0.12956016922543492,0.013279928379820526,0.034949634023618635,0.016598820800390986,0.49028571428571427,-0.00697124203998678,0.10594799364883303,0.25860526450444055,0.12904845710039634,0.014019107704294825,0.03532841005470352,0.01725726744832578,0.4297142857142857,s1_kp1.805_kd0.3,,,,,,,,,0.05,0.3,0.3,1.805,2.0,1.0,0.29997242212919506,0.9009536766821111,9.621999999999883,True,1,False,0.49028571428571427,negative joint margin,,,,,,,-0.00697124203998678,0.12956016922543492,0.01725726744832578
-0.005901643907612275,0.10461117097386687,0.25869556786483083,0.12831181863516258,0.013347921804216194,0.03508207935370837,0.016824102759011604,0.44571428571428573,-0.006859100902339765,0.10416787382400369,0.25852589582320057,0.12787401870843063,0.014084324463052113,0.03552120568622696,0.017543278693114263,0.36914285714285716,s1_kp1.805_kd0.45,,,,,,,,,0.05,0.45,0.3,1.805,2.0,1.0,0.29669361117820486,0.8813288877887143,10.020000000000016,True,1,False,0.44571428571428573,negative joint margin,,,,,,,-0.006859100902339765,0.12831181863516258,0.017543278693114263
-0.0005265530225835313,0.1028119307807148,0.25861054744273226,0.12715413574271972,0.013592982789270113,0.03529080152487824,0.01721155850410203,0.3862857142857143,-0.006892535143208978,0.10241766482026778,0.25844403722984255,0.1267625305713396,0.014254434280829764,0.035794928446297544,0.017946109235313215,0.24342857142857144,s1_kp1.805_kd0.6,,,,,,,,,0.05,0.6,0.3,1.805,2.0,1.0,0.29447163210453375,0.8636849505317539,10.464000000000164,True,1,False,0.3862857142857143,negative joint margin,,,,,,,-0.006892535143208978,0.12715413574271972,0.017946109235313215
-0.0008510499967564478,0.1010681663224682,0.25852263696651195,0.1260785012805958,0.01384721376628866,0.035574092781252425,0.01764161306447258,0.2617142857142857,-0.006866635645188968,0.10071527961278579,0.2583579240631047,0.1257234668291971,0.014352941811015757,0.03614794542545544,0.01824243659273144,0.2537142857142857,s1_kp1.805_kd0.75,,,,,,,,,0.05,0.75,0.3,1.805,2.0,1.0,0.29329886407120803,0.8486724284833611,10.90200000000031,True,1,False,0.2617142857142857,negative joint margin,,,,,,,-0.006866635645188968,0.1260785012805958,0.01824243659273144
-0.0011285607880191506,0.09937099342935954,0.25843072718527166,0.12507595990482737,0.01408454506243615,0.03701303946743461,0.01810848324347324,0.27085714285714285,-0.006841778071443816,0.09903403223567282,0.2582677423497138,0.1247386037508567,0.014499707440537636,0.036579305155452935,0.018624021891641616,0.264,s1_kp1.805_kd0.9,,,,,,,,,0.05,0.9,0.3,1.805,2.0,1.0,0.2927060448782858,0.836924861294425,11.334000000000454,True,1,False,0.27085714285714285,negative joint margin,,,,,,,-0.006841778071443816,0.12507595990482737,0.018624021891641616
-0.006884037486501349,0.09776924248583513,0.2561646688130041,0.12386380259336827,0.030783479256933807,0.13483089995495112,0.0402610335218915,0.9897142857142858,-0.007084616899580176,0.09770988687239765,0.25604198773652415,0.12362308141525719,0.031009921760596998,0.10946712257376079,0.038194638434064426,0.9462857142857143,s1_kp2.77_kd0,contact detected,torso contact detected,,,,,,,0.05,0.0,0.3,2.77,2.0,1.0,0.3534083890231964,1.1008163064154566,7.6319999999993815,True,1,False,0.9897142857142858,,,,,contact detected,torso contact detected,negative joint margin,-0.007084616899580176,0.12386380259336827,0.0402610335218915
-0.006838324865745982,0.09655536238515447,0.2560693773432464,0.12314393642372812,0.028498389055159914,0.11758479241484185,0.0367401592099773,0.8777142857142857,-0.007059869100582983,0.096228923076471,0.25594722077720117,0.12275331975662004,0.0278924739563214,0.0901743178144959,0.033976466226101024,0.8342857142857143,s1_kp2.77_kd0.15,contact detected,torso contact detected,,,,,,,0.05,0.15,0.3,2.77,2.0,1.0,0.34731036145939725,1.0939597230723834,7.691999999999375,True,1,False,0.8777142857142857,,,,,contact detected,torso contact detected,negative joint margin,-0.007059869100582983,0.12314393642372812,0.0367401592099773
-0.006773604033104785,0.09540794167219635,0.25597589337368837,0.12248360306078307,0.026689420841487066,0.1015000188030549,0.03403549984284289,0.8354285714285715,-0.007021478654552826,0.09492627065602342,0.25585230927244285,0.12202120190778244,0.025674662343099307,0.07492009001894653,0.03125468276766695,0.7885714285714286,s1_kp2.77_kd0.3,contact detected,torso contact detected,,,,,,,0.05,0.3,0.3,2.77,2.0,1.0,0.3428058096474185,1.0789421437369857,7.763999999999367,True,1,False,0.8354285714285715,,,,,contact detected,torso contact detected,negative joint margin,-0.007021478654552826,0.12248360306078307,0.03403549984284289
-0.006661289031757001,0.09430172581598464,0.25588329127783344,0.1218679568252329,0.02533305917244149,0.0863927529927871,0.032102287234975324,0.7977142857142858,-0.006962587594686376,0.09374760754910581,0.2557574443225153,0.1213817802832678,0.02426629655698874,0.060449363278789484,0.029686772457720213,0.7497142857142857,s1_kp2.77_kd0.45,contact detected,torso contact detected,,,,,,,0.05,0.45,0.3,2.77,2.0,1.0,0.3392269017012563,1.0580247711210884,7.865999999999356,True,1,False,0.7977142857142858,,,,,contact detected,torso contact detected,negative joint margin,-0.006962587594686376,0.1218679568252329,0.032102287234975324
-0.006437138018713817,0.09322411050083923,0.25579077950129075,0.12128901212724846,0.02438544554369695,0.07216945239533888,0.030866405502570436,0.7611428571428571,-0.0068595335705134985,0.09265614360701063,0.25566233244952946,0.12081110638379611,0.02336255516413967,0.05355710810649134,0.028861047004620537,0.7142857142857143,s1_kp2.77_kd0.6,contact detected,torso contact detected,,,,,,,0.05,0.6,0.3,2.77,2.0,1.0,0.33638096394934996,1.0349784889763423,8.001999999999342,True,1,False,0.7611428571428571,,,,,contact detected,torso contact detected,negative joint margin,-0.0068595335705134985,0.12128901212724846,0.030866405502570436
-0.005884418700956573,0.09216718536146658,0.25569809671525795,0.12074157149115002,0.023794141481377127,0.06196597423781642,0.030242905885753766,0.7337142857142858,-0.006656956087387922,0.09160640307032623,0.25556683412551634,0.12028208147450126,0.022760265203579887,0.0571197278408012,0.02860732096976305,0.6834285714285715,s1_kp2.77_kd0.75,contact detected,torso contact detected,,,,,,,0.05,0.75,0.3,2.77,2.0,1.0,0.33403301597388046,1.0115324680956541,8.165999999999396,True,1,False,0.7337142857142858,,,,,contact detected,torso contact detected,negative joint margin,-0.006656956087387922,0.12074157149115002,0.030242905885753766
-0.0022529664118944304,0.09114378858832767,0.2556047043608171,0.12022565919025574,0.023414772152156055,0.07116592790505351,0.03013515259329176,0.7028571428571428,-0.006143409041116765,0.09060666890726701,0.2554708202415627,0.1197920735506782,0.022367378951188826,0.06502154431364209,0.02880506491978891,0.656,s1_kp2.77_kd0.9,contact detected,torso contact detected,,,,,,,0.05,0.9,0.3,2.77,2.0,1.0,0.3320748354175287,0.9915733079109862,8.359999999999461,True,1,False,0.7028571428571428,,,,,contact detected,torso contact detected,negative joint margin,-0.006143409041116765,0.12022565919025574,0.03013515259329176
-0.006998530290948324,0.09046394744242199,0.25215552480104503,0.1194426752033379,0.06620799838789339,0.3650358462668091,0.09682239394510195,1.6354285714285715,-0.008591599350897816,0.16687698545491964,0.30171086564265953,0.18979755025417322,0.36424053669537476,1.461633051196085,0.5822838382662897,8.555428571428571,s1_kp4.249_kd0,contact detected,torso contact detected,,,,,,,0.05,0.0,0.3,4.249,2.0,1.0,0.8791901011389253,2.8380254109703036,7.3319999999994145,True,1,False,8.555428571428571,,,,,contact detected,torso contact detected,negative joint margin,-0.008591599350897816,0.18979755025417322,0.5822838382662897
-0.006943435255178265,0.08942690878257477,0.2520647516604274,0.11885322175199729,0.06239435568010249,0.34525828368398986,0.09068903869473857,1.6457142857142857,-0.008939211341991715,0.15877289165921266,0.31059456845603406,0.18462919653389903,0.3592801099813195,1.4674204292780826,0.5905896402151595,7.774857142857143,s1_kp4.249_kd0.15,contact detected,torso contact detected,,,,,,,0.05,0.15,0.3,4.249,2.0,1.0,0.8229711414444368,2.384495782013201,7.489999999999397,True,1,False,7.774857142857143,,,,,contact detected,torso contact detected,negative joint margin,-0.008939211341991715,0.18462919653389903,0.5905896402151595
-0.006874590295550931,0.08851332475499536,0.251974535904516,0.11834128309897968,0.05930684862390306,0.32571956036838895,0.08528983090463096,1.6194285714285712,-0.009014844772386343,0.15609824623785326,0.3204951107223662,0.18330261362263292,0.3638312230447418,1.5243630950579112,0.6051188526838616,7.329142857142858,s1_kp4.249_kd0.3,contact detected,torso contact detected,,,,,,,0.05,0.3,0.3,4.249,2.0,1.0,0.8178897492087862,2.3350446197428276,7.763999999999367,True,1,False,7.329142857142858,,,,,contact detected,torso contact detected,negative joint margin,-0.009014844772386343,0.18330261362263292,0.6051188526838616
-0.006782474951806172,0.08764567039799538,0.25188465290905365,0.1178723857721998,0.05653097909593913,0.30739605786637664,0.0806377477377011,1.5691428571428572,-0.009101531462079038,0.14466597970726966,0.3507150339318409,0.17720632488247617,0.36901691963454253,1.6520198404259745,0.6388520674437996,6.9794285714285715,s1_kp4.249_kd0.45,contact detected,torso contact detected,,,,,,,0.05,0.45,0.3,4.249,2.0,1.0,0.8013011592270413,2.3286619736907928,7.709999999999373,True,1,False,6.9794285714285715,,,,,contact detected,torso contact detected,negative joint margin,-0.009101531462079038,0.17720632488247617,0.6388520674437996
-0.006651833077068847,0.08687873144769453,0.2517950446182418,0.117467796744591,0.054423491891117046,0.2905120392556244,0.07683825439004947,1.5337142857142856,-0.008766834684135638,0.1891877614452826,0.3361394343654523,0.20868604298502888,0.43035539642844817,1.5158451787273395,0.6521882771305714,6.984,s1_kp4.249_kd0.6,contact detected,torso contact detected,,,,,,,0.05,0.6,0.3,4.249,2.0,1.0,0.9137663943630088,2.4803276027028094,7.82799999999936,True,1,False,6.984,,,,,contact detected,torso contact detected,negative joint margin,-0.008766834684135638,0.20868604298502888,0.6521882771305714
-0.006457313372311813,0.0861507494108416,0.25170489860575035,0.11709624019796613,0.05253560445790745,0.2748551438899866,0.07362786265124678,1.5851428571428572,-0.0065907371199918074,0.10599948320464668,0.2694949675709095,0.13646685989134136,0.16301415042586584,1.2278861878049687,0.3344200936097175,2.5782857142857143,s1_kp4.249_kd0.75,contact detected,torso contact detected,,,,,,,0.05,0.75,0.3,4.249,2.0,1.0,0.5409039656574267,1.9018223439717075,7.7859999999993645,True,1,False,2.5782857142857143,,,,,contact detected,torso contact detected,negative joint margin,-0.0065907371199918074,0.13646685989134136,0.3344200936097175
-0.006153571035010685,0.08548208391558643,0.251613761232402,0.11676173984029421,0.05098283140945566,0.26035210609565385,0.07093337179409191,1.5965714285714285,-0.006352184750498591,0.09982379674699227,0.251499678402146,0.12983335482792832,0.12705081635686902,0.9965822522319913,0.2523346709549144,2.3417142857142856,s1_kp4.249_kd0.9,contact detected,torso contact detected,,,,,,,0.05,0.9,0.3,4.249,2.0,1.0,0.49265806753023106,1.6533668384537592,7.837999999999359,True,1,False,2.3417142857142856,,,,,contact detected,torso contact detected,negative joint margin,-0.006352184750498591,0.12983335482792832,0.2523346709549144
-0.0068888109374976025,0.08727877275276383,0.24617218020094309,0.11731826052508462,0.12558166624434325,0.6065439751499252,0.1792282757734381,3.4857142857142858,-0.017124227021929173,0.1917118251667661,0.4329562126899379,0.21827105737559466,0.6837791950745786,2.985083667684281,1.0707829079115274,17.494857142857143,s1_kp6.518_kd0,,,,,,not settled,contact detected,torso contact detected,0.05,0.0,0.3,6.518,2.0,1.0,1.6803430317661312,5.888115759348162,15.000000000001679,False,1,False,17.494857142857143,settling timeout,contact detected,torso contact detected,negative joint margin,,,,-0.017124227021929173,0.21827105737559466,1.0707829079115274
-0.006788003920720431,0.08646171072008194,0.24608557883793458,0.11681074040858418,0.12139458299058639,0.5870079358382125,0.17147590828052284,3.3542857142857145,-0.016442702227595696,0.19405269787801,0.48300230150526363,0.21938780997200477,0.6987120936475756,3.1409990635329286,1.0864452301806697,17.25257142857143,s1_kp6.518_kd0.15,,,,,,not settled,contact detected,torso contact detected,0.05,0.15,0.3,6.518,2.0,1.0,1.7268956444619352,5.930394040022738,15.000000000001679,False,1,False,17.25257142857143,settling timeout,contact detected,torso contact detected,negative joint margin,,,,-0.016442702227595696,0.21938780997200477,1.0864452301806697
-0.006731196332436795,0.085736180938919,0.24599976060164766,0.11635184814341369,0.11784715630773754,0.5675306102887663,0.16449571608422364,3.3108571428571434,-0.016723953005693293,0.18720564103662918,0.38466230829703857,0.20855734560817693,0.6336580611756323,2.2788875201023515,0.9647308487205908,15.242285714285714,s1_kp6.518_kd0.3,,,,,,not settled,contact detected,torso contact detected,0.05,0.3,0.3,6.518,2.0,1.0,1.4953761708959135,4.661778642701584,15.000000000001679,False,1,False,15.242285714285714,settling timeout,contact detected,torso contact detected,negative joint margin,,,,-0.016723953005693293,0.20855734560817693,0.9647308487205908
-0.006752070127212129,0.08503610779516282,0.24591326749802922,0.115922472987841,0.11439775626749212,0.5483718119934633,0.158129057724463,3.256,-0.020787361218383982,0.17695904750586336,0.4903043615396928,0.2102501511587733,0.8465569480208265,3.141456759790478,1.2446868515279872,18.155428571428573,s1_kp6.518_kd0.45,not settled,contact detected,torso contact detected,joint limit penetration -1.19 deg exceeds tolerance -1.15 deg,,,,,0.05,0.45,0.3,6.518,2.0,1.0,1.8480674730160056,5.536710120058396,15.000000000001679,False,1,False,18.155428571428573,settling timeout,contact detected,torso contact detected,negative joint margin,,,,-0.020787361218383982,0.2102501511587733,1.2446868515279872
-0.006777945844653299,0.08439827727230845,0.245826414323692,0.11553206594109393,0.11123239508183771,0.5296060908337551,0.15231839135461944,3.1885714285714286,-0.014386302622065195,0.1857105431522726,0.4092105366552527,0.21105600416418985,0.6740017640608109,2.5299234728561926,1.0526950417818572,15.971428571428573,s1_kp6.518_kd0.6,,,,,,not settled,contact detected,torso contact detected,0.05,0.6,0.3,6.518,2.0,1.0,1.5383484232441123,4.57950660908199,15.000000000001679,False,1,False,15.971428571428573,settling timeout,contact detected,torso contact detected,negative joint margin,,,,-0.014386302622065195,0.21105600416418985,1.0526950417818572
-0.0068056945308230254,0.0837433683955373,0.2457379994420485,0.11515436874853671,0.1075930942011283,0.5113082121943282,0.14676599821461248,3.1199999999999997,-0.014202558406230192,0.18707633453255224,0.371389900370349,0.2079722655601162,0.6493541375653289,2.4844494044147214,0.993878594727739,14.504,s1_kp6.518_kd0.75,,,,,,not settled,contact detected,torso contact detected,0.05,0.75,0.3,6.518,2.0,1.0,1.4632759650533826,4.430143388386342,15.000000000001679,False,1,False,14.504,settling timeout,contact detected,torso contact detected,negative joint margin,,,,-0.014202558406230192,0.2079722655601162,0.993878594727739
-0.006823047284341133,0.08313320685432923,0.2456490846235727,0.11480983161620986,0.10435428873698234,0.4935409513095476,0.14182742477918472,3.059428571428571,-0.011230057276267136,0.1742273716838036,0.37055645473131865,0.19940756393038894,0.6863380507463138,2.495845807633648,1.0343563293844504,13.180571428571428,s1_kp6.518_kd0.9,,,,,,not settled,contact detected,torso contact detected,0.05,0.9,0.3,6.518,2.0,1.0,1.4529817012245,4.612275781651897,15.000000000001679,False,1,False,13.180571428571428,settling timeout,contact detected,torso contact detected,negative joint margin,,,,-0.011230057276267136,0.19940756393038894,1.0343563293844504
-0.007003290168253518,0.0832946733852294,0.2372233232097608,0.11505808268124249,0.17273846448381963,0.7383425067559269,0.2478090270049039,4.9794285714285715,-0.007363603905174987,0.08200936694071577,0.23716111912854596,0.11365345381396387,0.17646645374876524,0.7653141834243349,0.24945321679915117,5.210285714285715,s1_kp10_kd0,,,,,,not settled,contact detected,torso contact detected,0.05,0.0,0.3,10.0,2.0,1.0,0.7393122154766366,3.7126804593702865,15.000000000001679,False,1,False,5.210285714285715,settling timeout,contact detected,torso contact detected,negative joint margin,,,,-0.007363603905174987,0.11505808268124249,0.24945321679915117
-0.006975719428077287,0.08290112625804923,0.23714152535460523,0.11459101173037983,0.1700107009430208,0.7247650268536275,0.24196625470282865,4.8502857142857145,-0.007335844088822707,0.08146215359678603,0.237075291022118,0.1132449383376293,0.17323971724231071,0.7490930952537923,0.2431116513131507,5.107428571428571,s1_kp10_kd0.15,,,,,,not settled,contact detected,torso contact detected,0.05,0.15,0.3,10.0,2.0,1.0,0.7262317434102197,3.6447166151891883,15.000000000001679,False,1,False,5.107428571428571,settling timeout,contact detected,torso contact detected,negative joint margin,,,,-0.007335844088822707,0.11459101173037983,0.2431116513131507
-0.00692280677999868,0.0825305678954205,0.23705900843841202,0.11416742754709676,0.1675793285688502,0.7120509483283334,0.23697147267959642,4.701714285714285,-0.007267364745436211,0.08098697082322473,0.23698934939033037,0.11288098655736672,0.1703183911665844,0.7347919163078711,0.23742837836238742,5.003428571428572,s1_kp10_kd0.3,,,,,,not settled,contact detected,torso contact detected,0.05,0.3,0.3,10.0,2.0,1.0,0.7161545992122779,3.5758797512085723,15.000000000001679,False,1,False,5.003428571428572,settling timeout,contact detected,torso contact detected,negative joint margin,,,,-0.007267364745436211,0.11416742754709676,0.23742837836238742
-0.006867672415126425,0.08216995706518244,0.23697657718907764,0.11378290780597765,0.16576269349741823,0.6996896431211441,0.23277657048505582,4.496,-0.007175060662499622,0.0805460799277891,0.2369032869512944,0.11253981174249192,0.16743401934203186,0.7208985777931188,0.23200459441269589,4.909714285714286,s1_kp10_kd0.45,,,,,,not settled,contact detected,torso contact detected,0.05,0.45,0.3,10.0,2.0,1.0,0.707819745979805,3.5073785879939625,15.000000000001679,False,1,False,4.909714285714286,settling timeout,contact detected,torso contact detected,negative joint margin,,,,-0.007175060662499622,0.11378290780597765,0.23277657048505582
-0.006821030802276695,0.08173525912339467,0.23689367614310922,0.11341707822500499,0.16391653984342658,0.6872052510149437,0.22891917133535897,4.403428571428571,-0.007093796320281065,0.08013809227180997,0.23681735874360768,0.11222580020735523,0.16592223223292724,0.7072119951053042,0.2273808123602879,4.808,s1_kp10_kd0.6,,,,,,not settled,contact detected,torso contact detected,0.05,0.6,0.3,10.0,2.0,1.0,0.6987103284085229,3.4233608288103836,15.000000000001679,False,1,False,4.808,settling timeout,contact detected,torso contact detected,negative joint margin,,,,-0.007093796320281065,0.11341707822500499,0.22891917133535897
-0.006783989697148662,0.0814314817230358,0.23681089249401566,0.11310799901128273,0.16294465347014306,0.6756623566302736,0.22602298593476575,4.317714285714286,-0.007027100555523802,0.07975867581284848,0.2367316035681005,0.11192098863085936,0.1635774901399718,0.693312312551767,0.22281604983010259,4.714285714285714,s1_kp10_kd0.75,,,,,,not settled,contact detected,torso contact detected,0.05,0.75,0.3,10.0,2.0,1.0,0.6929437484865947,3.353799688364706,15.000000000001679,False,1,False,4.714285714285714,settling timeout,contact detected,torso contact detected,negative joint margin,,,,-0.007027100555523802,0.11310799901128273,0.22602298593476575
-0.006754561303232709,0.08105594883617032,0.2367277685649234,0.11280536811968196,0.16133514916879788,0.664907580640123,0.2225752513046861,4.285714285714286,-0.006973779849244632,0.07940762929243181,0.23664591482868214,0.11163207306360742,0.16135277012795432,0.6793957569696212,0.21858110475466333,4.625142857142857,s1_kp10_kd0.9,,,,,,not settled,contact detected,torso contact detected,0.05,0.9,0.3,10.0,2.0,1.0,0.6860535183092928,3.2741637495089253,15.000000000001679,False,1,False,4.625142857142857,settling timeout,contact detected,torso contact detected,negative joint margin,,,,-0.006973779849244632,0.11280536811968196,0.2225752513046861
-0.0003496664961644136,0.09723130630031351,0.25201268131704724,0.12200370568188115,0.03629131593215735,0.09806813092482321,0.0471055372487032,0.2651428571428571,-0.0033993335182898043,0.0966892175693955,0.2507028194373356,0.12125374971924785,0.03754219389494195,0.10252808932343112,0.049455090279866186,0.2571428571428571,s2_kp0.5_kd0,contact detected,torso contact detected,,,,,,,0.05,0.9,0.0,1.805,0.5,1.0,0.2922409055755287,0.8108643127783355,12.270000000000767,True,2,False,0.2651428571428571,,,,,contact detected,torso contact detected,negative joint margin,-0.0033993335182898043,0.12200370568188115,0.049455090279866186
-0.0005244881605697138,0.09752618675918437,0.25305612107009795,0.12241982602327178,0.03466699032289668,0.09160674374298679,0.044374170760873966,0.26857142857142857,-0.003567102851059989,0.09698336505390291,0.251675528238816,0.12164831735733184,0.036401196447170894,0.09660329758632792,0.04713419255102168,0.26057142857142856,s2_kp0.5_kd0.15,contact detected,torso contact detected,,,,,,,0.05,0.9,0.15,1.805,0.5,1.0,0.29243557664563186,0.8163284231126849,13.202000000001078,True,2,False,0.26857142857142857,,,,,contact detected,torso contact detected,negative joint margin,-0.003567102851059989,0.12241982602327178,0.04713419255102168
-0.0006545194835321233,0.09780224581016334,0.25390869916242065,0.12278357652361453,0.03337265212036077,0.0860140885072112,0.042098891822790675,0.27085714285714285,-0.005174698553896295,0.09726930861966632,0.25247905233040235,0.12200049360808683,0.035569866681442734,0.09144862667175567,0.04523900377225489,0.264,s2_kp0.5_kd0.3,contact detected,torso contact detected,,,,,,,0.05,0.9,0.3,1.805,0.5,1.0,0.29304737192908376,0.8208988983607587,14.564000000001533,True,2,False,0.27085714285714285,,,,,contact detected,torso contact detected,negative joint margin,-0.005174698553896295,0.12278357652361453,0.04523900377225489
-0.0007100661505514694,0.09798939749158891,0.2546219514420306,0.12307040385783045,0.032242912871353696,0.08121537062954626,0.04018805745001528,0.27085714285714285,-0.006791351205646556,0.09749530467714161,0.25314957560746265,0.12229276847708996,0.034852316129718855,0.08699345098560841,0.04364492270006923,0.2662857142857143,s2_kp0.5_kd0.45,,,,,,not settled,contact detected,torso contact detected,0.05,0.9,0.45,1.805,0.5,1.0,0.293726867893166,0.8239651763918312,15.000000000001679,False,2,False,0.27085714285714285,settling timeout,contact detected,torso contact detected,negative joint margin,,,,-0.006791351205646556,0.12307040385783045,0.04364492270006923
-0.000690576148831834,0.09813117052243943,0.2552467647386371,0.12330658675568341,0.03139145105123551,0.07703474281403909,0.03860846918464045,0.2742857142857143,-0.006795485017306646,0.09770097271190009,0.25371438363150267,0.12254893338170453,0.03429546266775623,0.08308772154611639,0.04230033805883825,0.26857142857142857,s2_kp0.5_kd0.6,,,,,,not settled,contact detected,torso contact detected,0.05,0.9,0.6,1.805,0.5,1.0,0.29469694892611425,0.8269705141846624,15.000000000001679,False,2,False,0.2742857142857143,settling timeout,contact detected,torso contact detected,negative joint margin,,,,-0.006795485017306646,0.12330658675568341,0.04230033805883825
-0.0006255943767676797,0.09825802511452376,0.2557803378010667,0.12351137902100807,0.030901581133047962,0.07337737242857173,0.03732953251310898,0.2742857142857143,-0.006792090748642732,0.09789385902430008,0.25420984400458124,0.12277720166190816,0.033992879736573556,0.07964786296843569,0.041193798286722615,0.272,s2_kp0.5_kd0.75,,,,,,not settled,contact detected,torso contact detected,0.05,0.9,0.75,1.805,0.5,1.0,0.2961498794635469,0.8287781334483432,15.000000000001679,False,2,False,0.2742857142857143,settling timeout,contact detected,torso contact detected,negative joint margin,,,,-0.006792090748642732,0.12351137902100807,0.041193798286722615
-0.0005242240528460229,0.0983717474423779,0.25623840325776615,0.12368971214269259,0.030739634385595693,0.0701629574738871,0.036336564705944215,0.2742857142857143,-0.006785941129643369,0.09804967791502721,0.2546389462557431,0.12296981837476631,0.03393441798569151,0.07660456046968996,0.040309830010565345,0.2742857142857143,s2_kp0.5_kd0.9,,,,,,not settled,contact detected,torso contact detected,0.05,0.9,0.9,1.805,0.5,1.0,0.29775678234191333,0.8346216587200437,15.000000000001679,False,2,False,0.2742857142857143,settling timeout,contact detected,torso contact detected,negative joint margin,,,,-0.006785941129643369,0.12368971214269259,0.040309830010565345
-0.0004765989219754907,0.0978633662505407,0.2535402666694982,0.12288081270926189,0.02816456711346627,0.07712510478778907,0.0369225802271276,0.2651428571428571,-0.003598713713887758,0.09740233286762957,0.2527234273524622,0.1223018975207475,0.02896361987827589,0.0797770172982285,0.038327740759251085,0.256,s2_kp0.7671_kd0,,,,,,,,,0.05,0.9,0.0,1.805,0.7671,1.0,0.29294824283807547,0.8146840260936975,11.760000000000597,True,2,False,0.2651428571428571,negative joint margin,,,,,,,-0.003598713713887758,0.12288081270926189,0.038327740759251085
-0.0005999598066321887,0.09804397396377118,0.2543312687462767,0.12315537933724852,0.026515898008397463,0.07312604281117058,0.03487055009822122,0.2674285714285714,-0.0037378472136975205,0.09755392632471721,0.2534041411116219,0.1225346523781965,0.027465847744898155,0.07626944588259561,0.03662966715980679,0.25942857142857145,s2_kp0.7671_kd0.15,,,,,,,,,0.05,0.9,0.15,1.805,0.7671,1.0,0.2926318921254613,0.8184819539392938,11.926000000000652,True,2,False,0.2674285714285714,negative joint margin,,,,,,,-0.0037378472136975205,0.12315537933724852,0.03662966715980679
-0.0006880107202813512,0.09819774233523207,0.2550037619340986,0.12339484808035693,0.025226012483150956,0.06952709639438123,0.033140672775258666,0.26971428571428574,-0.003840980853131004,0.09768749186917233,0.25398770984231,0.12274053036867744,0.026388404272235013,0.07311430617384562,0.035218859038767134,0.26285714285714284,s2_kp0.7671_kd0.3,,,,,,,,,0.05,0.9,0.3,1.805,0.7671,1.0,0.29242691759531114,0.8219854605340106,12.044000000000691,True,2,False,0.26971428571428574,negative joint margin,,,,,,,-0.003840980853131004,0.12339484808035693,0.035218859038767134
-0.0007414986682361402,0.09832604632629813,0.2555794694211359,0.12360267216747815,0.024208187826022368,0.066277031225043,0.03166508112823827,0.27085714285714285,-0.003916678720953026,0.09780413821251459,0.2544916426353634,0.12292233169726163,0.025661509269727923,0.07026561901776417,0.034031374599820176,0.264,s2_kp0.7671_kd0.45,,,,,,,,,0.05,0.9,0.45,1.805,0.7671,1.0,0.2923102194364179,0.8240014609925688,12.10000000000071,True,2,False,0.27085714285714285,negative joint margin,,,,,,,-0.003916678720953026,0.12360267216747815,0.034031374599820176
-0.0007632064541067685,0.09843103446075332,0.2560776311806723,0.12378246335275692,0.023389283390635528,0.0633502834604191,0.030401669547545737,0.27085714285714285,-0.003969312480089027,0.09790507323272693,0.254929630886305,0.1230826896948383,0.025152073389293317,0.06768608761100828,0.03302273577110336,0.2674285714285714,s2_kp0.7671_kd0.6,,,,,,,,,0.05,0.9,0.6,1.805,0.7671,1.0,0.29225039737515496,0.82598056154431,12.074000000000702,True,2,False,0.27085714285714285,negative joint margin,,,,,,,-0.003969312480089027,0.12378246335275692,0.03302273577110336
-0.0007826043444700836,0.0985786318556207,0.256518300170972,0.12396667248892143,0.022759911434089345,0.06072930017959818,0.029306002608148796,0.27314285714285713,-0.004008215815851202,0.09805288329403043,0.2553139388736188,0.12325249043353605,0.024795554224970956,0.06536200433237117,0.03216190541793535,0.26857142857142857,s2_kp0.7671_kd0.75,,,,,,,,,0.05,0.9,0.75,1.805,0.7671,1.0,0.2926291985208637,0.8286675939735106,12.872000000000968,True,2,False,0.27314285714285713,negative joint margin,,,,,,,-0.004008215815851202,0.12396667248892143,0.03216190541793535
-0.0007922374856375036,0.09871567113370786,0.2569067280341476,0.12413319057106807,0.02222763958862032,0.0583583892100265,0.028342358376030573,0.27314285714285713,-0.004676252741662612,0.09818955233687746,0.25565690873555647,0.12340679077804619,0.024515131257302505,0.06325595203727685,0.0314157904076037,0.272,s2_kp0.7671_kd0.9,contact detected,torso contact detected,,,,,,,0.05,0.9,0.9,1.805,0.7671,1.0,0.2930545354653492,0.8297279218481695,13.706000000001247,True,2,False,0.27314285714285713,,,,,contact detected,torso contact detected,negative joint margin,-0.004676252741662612,0.12413319057106807,0.0314157904076037
-0.0007275850811869766,0.098520410666951,0.2554652951648746,0.12383644456176461,0.02196524872523162,0.05759174461434913,0.0283359565209716,0.2662857142857143,-0.006430400915670376,0.09814193767971598,0.2550981595218051,0.12341607475602502,0.022538743089260398,0.058829113038559346,0.029025065839208313,0.2571428571428571,s2_kp1.177_kd0,,,,,,,,,0.05,0.9,0.0,1.805,1.177,1.0,0.29315249329813775,0.823653162088961,11.364000000000464,True,2,False,0.2662857142857143,negative joint margin,,,,,,,-0.006430400915670376,0.12383644456176461,0.029025065839208313
-0.000798001030265727,0.09862412282980426,0.25596048267299254,0.12399231658697951,0.02073894658085461,0.05541589278490892,0.02689008503251045,0.26857142857142857,-0.005465436527535061,0.09821498759076133,0.2554824528492019,0.12353018672212485,0.021444644158343025,0.05704578243988564,0.02787437941747185,0.25942857142857145,s2_kp1.177_kd0.15,,,,,,,,,0.05,0.9,0.15,1.805,1.177,1.0,0.29292491959169015,0.8254695065684404,11.390000000000473,True,2,False,0.26857142857142857,negative joint margin,,,,,,,-0.005465436527535061,0.12399231658697951,0.02787437941747185
-0.0008446336243563835,0.09872218501524989,0.25640540300540443,0.12413792392752743,0.01968152256387725,0.053393088005377246,0.025657472379059826,0.26857142857142857,-0.004867545409550811,0.09828761344098325,0.25582953161769395,0.12363906788920313,0.020515514279092473,0.05538835849917458,0.026909149914201222,0.26285714285714284,s2_kp1.177_kd0.3,,,,,,,,,0.05,0.9,0.3,1.805,1.177,1.0,0.29278737353459283,0.8266579820262296,11.476000000000502,True,2,False,0.26857142857142857,negative joint margin,,,,,,,-0.004867545409550811,0.12413792392752743,0.026909149914201222
-0.0008639061915478585,0.09881296365209699,0.25680370652748685,0.12427235335247419,0.018770198115745394,0.05151122678172363,0.024592479591874782,0.26971428571428574,-0.004299038813012412,0.09835631024785883,0.25614239926575755,0.12374078020811602,0.01972693001435218,0.05384714207551126,0.02608663108942194,0.264,s2_kp1.177_kd0.45,,,,,,,,,0.05,0.9,0.45,1.805,1.177,1.0,0.2927085667269274,0.8276287886883147,11.578000000000536,True,2,False,0.26971428571428574,negative joint margin,,,,,,,-0.004299038813012412,0.12427235335247419,0.02608663108942194
-0.0008715208779612738,0.09889536456495418,0.2571600825931502,0.12439531851361771,0.01798794810237796,0.049759991731454074,0.023662768726538476,0.272,-0.004131054306544257,0.09841900955630514,0.2564242541863077,0.12383453362829945,0.019063198897097892,0.05241251545438088,0.025377369299827902,0.2674285714285714,s2_kp1.177_kd0.6,,,,,,,,,0.05,0.9,0.6,1.805,1.177,1.0,0.2926540027537673,0.8286618973031183,11.674000000000568,True,2,False,0.272,negative joint margin,,,,,,,-0.004131054306544257,0.12439531851361771,0.025377369299827902
-0.0008685403633563737,0.09896937871178146,0.2574795039878447,0.12450738251525086,0.01731997674013416,0.04812834929329008,0.022843785751572015,0.272,-0.004158055078550049,0.09847553376410266,0.25667897621734675,0.12392050060939866,0.018516699042119153,0.05107575330924078,0.024760538417189247,0.26971428571428574,s2_kp1.177_kd0.75,,,,,,,,,0.05,0.9,0.75,1.805,1.177,1.0,0.2926071194386102,0.8302445707282395,11.754000000000595,True,2,False,0.272,negative joint margin,,,,,,,-0.004158055078550049,0.12450738251525086,0.024760538417189247
-0.0008555342655460763,0.09903506254137814,0.2577679465400368,0.12460907227551751,0.016753337293125267,0.04660718936267532,0.02211765040122801,0.2742857142857143,-0.00417716016201064,0.09852622217793311,0.2569100520216345,0.12399921586325534,0.018084594211052817,0.04982854275632403,0.024220408200209754,0.26971428571428574,s2_kp1.177_kd0.9,,,,,,,,,0.05,0.9,0.9,1.805,1.177,1.0,0.29257270209459574,0.8321176528572827,11.812000000000614,True,2,False,0.2742857142857143,negative joint margin,,,,,,,-0.00417716016201064,0.12460907227551751,0.024220408200209754
-0.0010116826755108832,0.09915850176212633,0.2575818975370288,0.12476219265285154,0.01651918749770811,0.04867925724771324,0.021258707577118525,0.2674285714285714,-0.006871716026350949,0.09885420037989986,0.2574953068125719,0.12446161456352331,0.01676560146667098,0.04478875781134507,0.02141716679148453,0.2571428571428571,s2_kp1.805_kd0,,,,,,,,,0.05,0.9,0.0,1.805,1.805,1.0,0.2929678706526435,0.8351949996852842,11.364000000000464,True,2,False,0.2674285714285714,negative joint margin,,,,,,,-0.006871716026350949,0.12476219265285154,0.02141716679148453
-0.001056044187598193,0.09920367881280144,0.25780581510792455,0.1248314577280571,0.015765524522632617,0.04239999603754944,0.02026804050711172,0.26857142857142857,-0.006847873216608402,0.09887344945862613,0.2576520157654565,0.12449847995030563,0.0161394914228218,0.04059299928396355,0.020677593011569528,0.25942857142857145,s2_kp1.805_kd0.15,,,,,,,,,0.05,0.9,0.15,1.805,1.805,1.0,0.29283850876685824,0.8344120514995459,11.338000000000456,True,2,False,0.26857142857142857,negative joint margin,,,,,,,-0.006847873216608402,0.1248314577280571,0.020677593011569528
-0.0010733597336178846,0.09924929221323753,0.2580294418136939,0.12490037073783812,0.015097313488335722,0.03900976964228044,0.019425027431922134,0.26971428571428574,-0.006828778348417774,0.09889162860220448,0.25780634200431346,0.12453509240694018,0.015594986928525453,0.0398575009799963,0.020061159381290047,0.26285714285714284,s2_kp1.805_kd0.3,,,,,,,,,0.05,0.9,0.3,1.805,1.805,1.0,0.29274335976114396,0.8353629163017792,11.304000000000444,True,2,False,0.26971428571428574,negative joint margin,,,,,,,-0.006828778348417774,0.12490037073783812,0.020061159381290047
-0.0010696701254699903,0.09929458027567964,0.25824596030589075,0.12496781374265707,0.0144972980564619,0.038060075998652805,0.018694489895299895,0.27085714285714285,-0.0068033898898103295,0.09890850541926086,0.25795469807267707,0.12457079532166129,0.015116276674469072,0.03915430820472892,0.019538184550513805,0.2651428571428571,s2_kp1.805_kd0.45,,,,,,,,,0.05,0.9,0.45,1.805,1.805,1.0,0.29266594339495516,0.83423444052724,11.252000000000427,True,2,False,0.27085714285714285,negative joint margin,,,,,,,-0.0068033898898103295,0.12496781374265707,0.019538184550513805
-0.0010520135413809584,0.09933897058530443,0.2584518562162127,0.12503304815611407,0.013956396163700821,0.03714955952061952,0.01805341630420857,0.272,-0.006662735259272523,0.09892973635170321,0.2580954315401288,0.12460772018531853,0.014687874022551114,0.038483254462072986,0.01908482051826214,0.2674285714285714,s2_kp1.805_kd0.6,,,,,,,,,0.05,0.9,0.6,1.805,1.805,1.0,0.29262664305984826,0.8346426637093985,11.256000000000428,True,2,False,0.272,negative joint margin,,,,,,,-0.006662735259272523,0.12503304815611407,0.01908482051826214
-0.0010304340017786018,0.09938204376243567,0.2586457012502764,0.12509565390905777,0.013467401054331012,0.036278859903693624,0.017485162426173234,0.27314285714285713,-0.006240658199731186,0.09895442657121173,0.25822792923242566,0.12464520069705574,0.014297882255760733,0.03784338449539739,0.018684523311342807,0.26971428571428574,s2_kp1.805_kd0.75,,,,,,,,,0.05,0.9,0.75,1.805,1.805,1.0,0.29261763009115377,0.8341870644035598,11.29200000000044,True,2,False,0.27314285714285713,negative joint margin,,,,,,,-0.006240658199731186,0.12509565390905777,0.018684523311342807
-0.0009969889411287625,0.09942322516784113,0.25882713823600134,0.12515524471715012,0.013024761477401293,0.03544756717817951,0.016977343771444543,0.27314285714285713,-0.00582227379063216,0.09898071150374817,0.25835223553555975,0.1246823448706671,0.013943246534966704,0.037233129468537775,0.018328884382944128,0.27085714285714285,s2_kp1.805_kd0.9,,,,,,,,,0.05,0.9,0.9,1.805,1.805,1.0,0.2926311507979524,0.8342816407180749,11.342000000000457,True,2,False,0.27314285714285713,negative joint margin,,,,,,,-0.00582227379063216,0.12515524471715012,0.018328884382944128
-0.001269058442399995,0.09968732029053355,0.25953955613547436,0.1255361134039587,0.011985806212325997,0.04469234734308351,0.01566553674705009,0.26857142857142857,-0.006919934843623743,0.09939877770719537,0.2595399570395077,0.12529301258994496,0.012041326502461851,0.04110487921255633,0.01554036375425438,0.25942857142857145,s2_kp2.77_kd0,,,,,,,,,0.05,0.9,0.0,1.805,2.77,1.0,0.2924919224769029,0.846014790418731,11.480000000000503,True,2,False,0.26857142857142857,negative joint margin,,,,,,,-0.006919934843623743,0.1255361134039587,0.01566553674705009
-0.0013046439730270976,0.09970692603215306,0.25959429800470113,0.12556248528962236,0.011535114713977886,0.03955647665142996,0.014967817654918267,0.26971428571428574,-0.0069020826803440904,0.09940821278560495,0.25957818628976914,0.1253015464257155,0.011676313434406024,0.03720950937359348,0.01503400148512825,0.26057142857142856,s2_kp2.77_kd0.15,,,,,,,,,0.05,0.9,0.15,1.805,2.77,1.0,0.29244760086125904,0.8444747990973922,11.476000000000502,True,2,False,0.26971428571428574,negative joint margin,,,,,,,-0.0069020826803440904,0.12556248528962236,0.01503400148512825
-0.00130905033733697,0.09972606498404545,0.25966367731811946,0.12558933779119444,0.011139018441928012,0.035314075727017474,0.014384636946394603,0.27085714285714285,-0.00688571810872407,0.09941717486320252,0.259622461545655,0.12531059821633606,0.011361559200425461,0.03402576722501965,0.014620333085669414,0.26285714285714284,s2_kp2.77_kd0.3,,,,,,,,,0.05,0.9,0.3,1.805,2.77,1.0,0.29239927868542176,0.8426956075110417,11.466000000000498,True,2,False,0.27085714285714285,negative joint margin,,,,,,,-0.00688571810872407,0.12558933779119444,0.014620333085669414
-0.0013004349329408527,0.09974497073958731,0.2597422829850564,0.12561644328003185,0.010784286297777735,0.031765259203118824,0.013885985776616627,0.27085714285714285,-0.00687175720547506,0.09942631855278332,0.25966994202204,0.12532027241887003,0.011084589318915128,0.03139263344812488,0.01427466905298792,0.2662857142857143,s2_kp2.77_kd0.45,,,,,,,,,0.05,0.9,0.45,1.805,2.77,1.0,0.2923659244890857,0.8416682132860923,11.454000000000494,True,2,False,0.27085714285714285,negative joint margin,,,,,,,-0.00687175720547506,0.12561644328003185,0.01427466905298792
-0.0012674561232266512,0.09976379396063124,0.2598260307413609,0.12564360852375,0.01046232634205707,0.02876170569603251,0.013452188466430329,0.27314285714285713,-0.006857839420476797,0.09943552433873043,0.2597186352820093,0.12533034699739098,0.010837276816426567,0.029193420624626563,0.013980821163858874,0.26857142857142857,s2_kp2.77_kd0.6,,,,,,,,,0.05,0.9,0.6,1.805,2.77,1.0,0.2923484112661585,0.8414379297500506,11.44000000000049,True,2,False,0.27314285714285713,negative joint margin,,,,,,,-0.006857839420476797,0.12564360852375,0.013980821163858874
-0.001233502594351954,0.09978235070222419,0.2599121258378556,0.125670559014606,0.010167329889859059,0.026195901197407983,0.013069657719146331,0.2742857142857143,-0.006845237499941259,0.09944609295791583,0.25976733660995244,0.12534130007729696,0.010614988458148173,0.027342633249685257,0.013728012478396362,0.26971428571428574,s2_kp2.77_kd0.75,,,,,,,,,0.05,0.9,0.75,1.805,2.77,1.0,0.2923723910514067,0.840631392426059,11.422000000000484,True,2,False,0.2742857142857143,negative joint margin,,,,,,,-0.006845237499941259,0.125670559014606,0.013728012478396362
-0.0011868821214875425,0.09980088264124465,0.25999845592580006,0.1256972689176702,0.009895481015062432,0.02565631664386504,0.01272861837954921,0.2742857142857143,-0.006832819336472173,0.09945510649240762,0.25981529704790024,0.12535171415374133,0.01041306115300004,0.026425637553447335,0.013508092185050086,0.27314285714285713,s2_kp2.77_kd0.9,,,,,,,,,0.05,0.9,0.9,1.805,2.77,1.0,0.29239835440499695,0.8407679752617986,11.41000000000048,True,2,False,0.2742857142857143,negative joint margin,,,,,,,-0.006832819336472173,0.1256972689176702,0.013508092185050086
-0.0014632855346619067,0.10007710729467628,0.26102546113908576,0.12611054503432076,0.008487175729670855,0.03820998299919355,0.011420606258781933,0.3142857142857143,-0.0069826894842330844,0.09979622557546682,0.26102742438853144,0.1258959707811931,0.008468175892413877,0.03581085763936622,0.01119869153566983,0.25942857142857145,s2_kp4.249_kd0,,,,,,,,,0.05,0.9,0.0,1.805,4.249,1.0,0.29206647667948527,0.8535932708244173,11.450000000000493,True,2,False,0.3142857142857143,negative joint margin,,,,,,,-0.0069826894842330844,0.12611054503432076,0.011420606258781933
-0.0014912617069864353,0.10008824968093619,0.26102810045526714,0.1261210040464909,0.008208186452240886,0.03442608814394899,0.010910144936022334,0.32,-0.00696086337823365,0.09980153883139227,0.26103010071798427,0.12589571261452093,0.008249745793444563,0.03304878825587111,0.010836071458486463,0.26285714285714284,s2_kp4.249_kd0.15,,,,,,,,,0.05,0.9,0.15,1.805,4.249,1.0,0.2920852167708122,0.8506498151737699,11.454000000000494,True,2,False,0.32,negative joint margin,,,,,,,-0.00696086337823365,0.1261210040464909,0.010910144936022334
-0.0015054376723440122,0.10009830838798367,0.26103609021442553,0.12613128454523734,0.007966829207182722,0.031249423786671934,0.010489436965402285,0.32457142857142857,-0.006941009238667029,0.09980524265001041,0.2610360750044361,0.1258950269265113,0.008065842601259081,0.03074064608068856,0.010545898185316592,0.2651428571428571,s2_kp4.249_kd0.3,,,,,,,,,0.05,0.9,0.3,1.805,4.249,1.0,0.29210700847500554,0.8492637853999451,11.448000000000492,True,2,False,0.32457142857142857,negative joint margin,,,,,,,-0.006941009238667029,0.12613128454523734,0.010545898185316592
-0.0015007125457198178,0.10010745813829115,0.26104958053247757,0.12614137296741115,0.007754160976212484,0.028545697574841773,0.010135231612364794,0.3291428571428571,-0.006924445649723054,0.09980873988925967,0.2610445877838136,0.12589446518814998,0.007907743562586033,0.028791955445351555,0.010308501939149813,0.26857142857142857,s2_kp4.249_kd0.45,,,,,,,,,0.05,0.9,0.45,1.805,4.249,1.0,0.2921336757076929,0.8489350372198076,11.444000000000491,True,2,False,0.3291428571428571,negative joint margin,,,,,,,-0.006924445649723054,0.12614137296741115,0.010308501939149813
-0.0014672270018505351,0.10011595863015191,0.2610679805566861,0.12615133319407995,0.007563790631209238,0.026219203378849677,0.009831677264544514,0.3325714285714286,-0.006910704175511206,0.09981220846432322,0.2610548057595654,0.12589409615540034,0.00776934064987699,0.02713437298679176,0.01011075261031649,0.26971428571428574,s2_kp4.249_kd0.6,,,,,,,,,0.05,0.9,0.6,1.805,4.249,1.0,0.2921518231816259,0.8470829841963188,11.44200000000049,True,2,False,0.3325714285714286,negative joint margin,,,,,,,-0.006910704175511206,0.12615133319407995,0.01011075261031649
-0.001433026158697892,0.10012408487453435,0.2610904809449107,0.12616123571568155,0.007391248355956445,0.0241984986839014,0.00956775770958195,0.3325714285714286,-0.006898512258781242,0.09981599005977204,0.261066100678934,0.1258940448940606,0.007646377254378303,0.02571470214578917,0.009943865389793033,0.27085714285714285,s2_kp4.249_kd0.75,,,,,,,,,0.05,0.9,0.75,1.805,4.249,1.0,0.29216371429946814,0.8455842151336567,11.444000000000491,True,2,False,0.3325714285714286,negative joint margin,,,,,,,-0.006898512258781242,0.12616123571568155,0.009943865389793033
-0.0013786768078674072,0.1001320046642345,0.26111631995927803,0.12617112930193172,0.007233162590813276,0.022429826081897603,0.009335352036882193,0.33714285714285713,-0.006888294174577592,0.0998199403679212,0.2610779852368983,0.12589423104972572,0.007535736428747991,0.024492320634829565,0.0098014243966764,0.2742857142857143,s2_kp4.249_kd0.9,,,,,,,,,0.05,0.9,0.9,1.805,4.249,1.0,0.29217838731121293,0.8453311238408953,11.448000000000492,True,2,False,0.33714285714285713,negative joint margin,,,,,,,-0.006888294174577592,0.12617112930193172,0.0098014243966764
-0.0016314985223742084,0.10037652426872468,0.262018156244668,0.12652621633386626,0.005856301046845986,0.029772759384841516,0.008163194190346562,0.4022857142857143,-0.006865700875772429,0.10002826400887738,0.2620185629998039,0.12628962651311862,0.005885149752131349,0.029484761197071684,0.008048497180733437,0.2617142857142857,s2_kp6.518_kd0,,,,,,,,,0.05,0.9,0.0,1.805,6.518,1.0,0.292515384465793,0.8538206065759067,10.522000000000183,True,2,False,0.4022857142857143,negative joint margin,,,,,,,-0.006865700875772429,0.12652621633386626,0.008163194190346562
-0.0016523912699439869,0.10037933905773382,0.26201641089005556,0.12652839378403744,0.005692626897572106,0.02738387433979703,0.007809201955524717,0.3965714285714286,-0.006848907961328088,0.10002720582750305,0.2620160664110947,0.12628567360005358,0.005754689412871014,0.027842357705147123,0.007796502478389175,0.2651428571428571,s2_kp6.518_kd0.15,,,,,,,,,0.05,0.9,0.15,1.805,6.518,1.0,0.29250140978226274,0.8531599577114725,10.486000000000171,True,2,False,0.3965714285714286,negative joint margin,,,,,,,-0.006848907961328088,0.12652839378403744,0.007809201955524717
-0.001662160085461828,0.1003822627092922,0.262015334160351,0.12653077866366344,0.005549947436803084,0.025366974791135085,0.007516555916365125,0.392,-0.006835076446008781,0.10002642428653398,0.26201438950062556,0.12628190794336108,0.005646115555857199,0.02644317283044267,0.0075948813604033594,0.2674285714285714,s2_kp6.518_kd0.3,,,,,,,,,0.05,0.9,0.3,1.805,6.518,1.0,0.2925042355345713,0.853308805324322,10.464000000000164,True,2,False,0.392,negative joint margin,,,,,,,-0.006835076446008781,0.12653077866366344,0.0075948813604033594
-0.0016506902852033711,0.10038520902094149,0.26201504278230237,0.1265332755146899,0.005424022085913623,0.02362060279775432,0.007270303599205534,0.38857142857142857,-0.006824676530616358,0.10002596509178638,0.2620136175444987,0.12627832577024983,0.005554304733524172,0.025236760975571478,0.0074305150461202365,0.26971428571428574,s2_kp6.518_kd0.45,,,,,,,,,0.05,0.9,0.45,1.805,6.518,1.0,0.292513874522664,0.8513142946476292,10.45400000000016,True,2,False,0.38857142857142857,negative joint margin,,,,,,,-0.006824676530616358,0.1265332755146899,0.0074305150461202365
-0.0016258936629474086,0.10038782863976561,0.2620157844284413,0.12653569614851495,0.005311651981511766,0.02208078100255811,0.007059863997924089,0.384,-0.006815446214358367,0.10002536603330249,0.2620136894737889,0.1262747138733486,0.005475648166840818,0.02418845619502727,0.007294749538365198,0.27085714285714285,s2_kp6.518_kd0.6,,,,,,,,,0.05,0.9,0.6,1.805,6.518,1.0,0.2925298673032145,0.850083939441744,10.45000000000016,True,2,False,0.384,negative joint margin,,,,,,,-0.006815446214358367,0.12653569614851495,0.007294749538365198
-0.0015785572019750838,0.10039014170589627,0.2620177113872578,0.12653804051934656,0.005210407925169755,0.02070943655953283,0.006877712111251315,0.38171428571428573,-0.006806913169723927,0.10002459890452792,0.2620144872074276,0.12627105425566162,0.0054074424579733295,0.023272401334961966,0.007181376686693259,0.27314285714285713,s2_kp6.518_kd0.75,,,,,,,,,0.05,0.9,0.75,1.805,6.518,1.0,0.2925464527554511,0.8488239603424208,10.45000000000016,True,2,False,0.38171428571428573,negative joint margin,,,,,,,-0.006806913169723927,0.12653804051934656,0.007181376686693259
-0.0015416646249239996,0.1003924053379483,0.2620208928685122,0.12654041020698378,0.005118508430297721,0.0194793246072821,0.006718457857986242,0.38057142857142856,-0.006801483828677846,0.10002414225932403,0.2620158014046374,0.12626755839227094,0.00534739734788192,0.02246910331754916,0.00708559586134071,0.2742857142857143,s2_kp6.518_kd0.9,,,,,,,,,0.05,0.9,0.9,1.805,6.518,1.0,0.2925694364531383,0.8487501725861459,10.458000000000162,True,2,False,0.38057142857142856,negative joint margin,,,,,,,-0.006801483828677846,0.12654041020698378,0.00708559586134071
-0.006763758069910697,0.1011141317497512,0.26266438016084814,0.12706495885203467,0.004070383490810887,0.025464211000238202,0.0058190328461223805,0.4274285714285714,-0.007111322793266872,0.10256893663859053,0.2626599017763598,0.12795815185845566,0.0056510673315828975,0.06477437708765789,0.010380897554751009,0.35428571428571426,s2_kp10_kd0,not settled,,,,,,,,0.05,0.9,0.0,1.805,10.0,1.0,0.3083652850711189,0.8976189667597354,15.000000000001679,False,2,False,0.4274285714285714,settling timeout,negative joint margin,,,,,,-0.007111322793266872,0.12795815185845566,0.010380897554751009
-0.006749380575693298,0.10111243024893858,0.2626624767351267,0.12706318324493496,0.003969192264282012,0.0229037633094515,0.0055718699441181345,0.4217142857142857,-0.007080728873439579,0.10255736350375697,0.26265735890447345,0.12794822843923395,0.005561563356256543,0.06230185500197695,0.01015616794674831,0.3497142857142857,s2_kp10_kd0.15,not settled,,,,,,,,0.05,0.9,0.15,1.805,10.0,1.0,0.30823246621581596,0.895541369558715,15.000000000001679,False,2,False,0.4217142857142857,settling timeout,negative joint margin,,,,,,-0.007080728873439579,0.12794822843923395,0.01015616794674831
-0.0067370573682810075,0.1011120607289373,0.2626608051409132,0.12706225296761417,0.003882876445111121,0.02070282458405937,0.0053683140836427575,0.416,-0.007048885642439107,0.10256930199547667,0.26265520819971927,0.12795435172740455,0.005493791421662763,0.06031939216270145,0.009999040308852862,0.34285714285714286,s2_kp10_kd0.3,not settled,,,,,,,,0.05,0.9,0.3,1.805,10.0,1.0,0.30820310491880737,0.8940717312166961,15.000000000001679,False,2,False,0.416,settling timeout,negative joint margin,,,,,,-0.007048885642439107,0.12795435172740455,0.009999040308852862
-0.006727412000168798,0.1011120067132371,0.2626594235143339,0.12706160129016134,0.0038066307867934373,0.018801510362435363,0.005196520488597564,0.40914285714285714,-0.007017584674973598,0.1025941186394648,0.2626533539932581,0.12796931783019064,0.005439719400841151,0.058652727181427576,0.009882572917158584,0.3337142857142857,s2_kp10_kd0.45,not settled,,,,,,,,0.05,0.9,0.45,1.805,10.0,1.0,0.30823530267054317,0.8932044473058284,15.000000000001679,False,2,False,0.40914285714285714,settling timeout,negative joint margin,,,,,,-0.007017584674973598,0.12796931783019064,0.009882572917158584
-0.006719687184905343,0.10111214476487594,0.26265829751542263,0.12706113444829648,0.0037380323551717146,0.017151396417537972,0.005049191462514376,0.40914285714285714,-0.006988691313529305,0.10262999261049369,0.2626517601819867,0.1279919749385251,0.005397447380407177,0.05731618929843699,0.009803859556659333,0.328,s2_kp10_kd0.6,not settled,,,,,,,,0.05,0.9,0.6,1.805,10.0,1.0,0.30832081345154067,0.8922936990892252,15.000000000001679,False,2,False,0.40914285714285714,settling timeout,negative joint margin,,,,,,-0.006988691313529305,0.1279919749385251,0.009803859556659333
-0.00671321703631067,0.1011124182068896,0.2626574045110656,0.12706080142688125,0.0036757578321542418,0.016027448548917356,0.004921364050580935,0.4045714285714285,-0.006962859338373928,0.10267366140083904,0.2626504254105565,0.1280201313100733,0.005364401492341572,0.056185832080488836,0.009749006963912786,0.32342857142857145,s2_kp10_kd0.75,not settled,,,,,,,,0.05,0.9,0.75,1.805,10.0,1.0,0.30843794295176563,0.8905757914599628,15.000000000001679,False,2,False,0.4045714285714285,settling timeout,negative joint margin,,,,,,-0.006962859338373928,0.1280201313100733,0.009749006963912786
-0.006707552695845109,0.101112790130144,0.26265674534533634,0.12706057424653797,0.003618886430908154,0.01537171416642247,0.0048093307502176125,0.40114285714285713,-0.0069399791511899345,0.10272295843944731,0.262649347849578,0.12805236870127518,0.00533908924319351,0.0552432773027774,0.009713443380891012,0.32,s2_kp10_kd0.9,not settled,,,,,,,,0.05,0.9,0.9,1.805,10.0,1.0,0.30857713741730136,0.8909745229052444,15.000000000001679,False,2,False,0.40114285714285713,settling timeout,negative joint margin,,,,,,-0.0069399791511899345,0.12805236870127518,0.009713443380891012
-0.0013706872470478082,0.11718128462850605,0.26327731567468105,0.13772184007477745,0.00527402790671476,0.015852230709213905,0.006406831370036851,0.0,-0.006946852331007225,0.11677038883952337,0.26319481406572615,0.13731120971491917,0.005692004385093967,0.015437315745512152,0.00693747292117295,0.0,s3_scale0.6,not settled,,,,,,,,0.05,0.54,0.54,1.083,3.911,1.0,0.25943273006164674,0.7404407801258075,15.000000000001679,False,3,False,0.0,settling timeout,negative joint margin,,,,,,-0.006946852331007225,0.13772184007477745,0.00693747292117295
-0.0012119861281614241,0.10936750938238203,0.2624761886542533,0.13209163300212465,0.005136972859589087,0.015553518808503463,0.006417549825397082,0.152,-0.006943404609962567,0.10901938691297305,0.2624434248408711,0.13176628930873027,0.005532931685206726,0.01752541184061951,0.0069652735650053196,0.14514285714285713,s3_scale0.75,,,,,,,,,0.05,0.675,0.675,1.354,4.888,1.0,0.2737650685046499,0.7888888095192991,13.284000000001106,True,3,False,0.152,negative joint margin,,,,,,,-0.006943404609962567,0.13209163300212465,0.0069652735650053196
-0.0013829104533464864,0.10350410255246933,0.2621375005605326,0.1283479734613785,0.0050969684862521274,0.016815787521368,0.0065467050838236675,0.24,-0.006848134858580934,0.10315758811088799,0.2621271282944317,0.12806590506875914,0.0053605990624324305,0.020282113921030697,0.006978363158384705,0.2377142857142857,s3_scale0.9,,,,,,,,,0.05,0.81,0.81,1.625,5.866,1.0,0.28501917203356764,0.8273901015924823,11.424000000000484,True,3,False,0.24,negative joint margin,,,,,,,-0.006848134858580934,0.1283479734613785,0.006978363158384705
-0.0015416646249239996,0.1003924053379483,0.2620208928685122,0.12654041020698378,0.005118508430297721,0.0194793246072821,0.006718457857986242,0.38057142857142856,-0.006801483828677846,0.10002414225932403,0.2620158014046374,0.12626755839227094,0.00534739734788192,0.02246910331754916,0.00708559586134071,0.2742857142857143,s3_scale1,,,,,,,,,0.05,0.9,0.9,1.805,6.518,1.0,0.2925694364531383,0.8487501725861459,10.458000000000162,True,3,False,0.38057142857142856,negative joint margin,,,,,,,-0.006801483828677846,0.12654041020698378,0.00708559586134071
-0.006719107456902851,0.2704784346992395,0.37554021905003165,0.2867604633241939,0.2203928739300768,0.5272905430557627,0.2750145408893556,16.86857142857143,-0.006670422049205094,0.31013201814364866,0.4630462919400244,0.32766602321606536,0.2470894101233989,0.6075219894184738,0.2940953903082568,18.729142857142858,s4_damp0.002_knull0,not settled,contact detected,torso contact detected,rotation RMSE 0.2941 rad > 0.0142 rad (2x stage-2 winner) guard,,,,,0.002,0.9,0.9,1.805,6.518,0.0,2.26804696164071,3.9649182545477553,15.000000000001679,False,4,False,18.729142857142858,settling timeout,contact detected,torso contact detected,negative joint margin,,,,-0.006719107456902851,0.32766602321606536,0.2940953903082568
-0.0067167732950417225,0.1855365529861561,0.31467587809576275,0.20381711963871982,0.11897239698936178,0.34906190161806167,0.15883088224405828,16.585142857142856,-0.006602575802285404,0.1863423564908594,0.31922660217750054,0.20355471070033915,0.12271241844464219,0.3665620455859776,0.1604364034406563,16.698285714285717,s4_damp0.002_knull0.5,not settled,contact detected,torso contact detected,rotation RMSE 0.1604 rad > 0.0142 rad (2x stage-2 winner) guard,,,,,0.002,0.9,0.9,1.805,6.518,0.5,1.8515758975508025,5.224845646432295,15.000000000001679,False,4,False,16.698285714285717,settling timeout,contact detected,torso contact detected,negative joint margin,,,,-0.0067167732950417225,0.20381711963871982,0.1604364034406563
-0.006714938355897537,0.14864283985579532,0.2738421076637606,0.1692602079080967,0.08637603670515473,0.3812647375696813,0.13546591765483723,14.733714285714287,-0.006611091873469643,0.15815489645706052,0.28473323649579,0.17769905911998,0.10050768141509528,0.41444358089872835,0.1495902311865118,16.464000000000002,s4_damp0.002_knull1,not settled,contact detected,torso contact detected,rotation RMSE 0.1496 rad > 0.0142 rad (2x stage-2 winner) guard,,,,,0.002,0.9,0.9,1.805,6.518,1.0,2.9529605049511756,9.94427269780624,15.000000000001679,False,4,False,16.464000000000002,settling timeout,contact detected,torso contact detected,negative joint margin,,,,-0.006714938355897537,0.17769905911998,0.1495902311865118
-0.006729143973917662,0.11842774670422404,0.27412858106643834,0.14199781522523883,0.06345294250638277,0.3530996692037835,0.1168460458800968,15.797714285714285,-0.009120618155655347,0.11049219789017119,0.3018340409283587,0.1386293102460988,0.0589057834964312,0.3033677124420531,0.10722930361462593,18.17257142857143,s4_damp0.002_knull2,not settled,contact detected,torso contact detected,rotation RMSE 0.1168 rad > 0.0142 rad (2x stage-2 winner) guard,,,,,0.002,0.9,0.9,1.805,6.518,2.0,3.433582307002317,25.239791219643717,15.000000000001679,False,4,False,18.17257142857143,settling timeout,contact detected,torso contact detected,negative joint margin,,,,-0.009120618155655347,0.14199781522523883,0.1168460458800968
-0.006734643025328335,0.107738994189702,0.27773632360307177,0.1340779877202187,0.056275637056135856,0.37945402179165116,0.11264355745839467,16.07314285714286,-0.009219859750139836,0.1099584769314313,0.30061995377164435,0.1407368635957676,0.07345972215562377,0.295154154418331,0.12621049667606984,23.238857142857142,s4_damp0.002_knull3.5,not settled,contact detected,torso contact detected,worst-arm saturation 23.2% > 20.0% threshold,rotation RMSE 0.1262 rad > 0.0142 rad (2x stage-2 winner) guard,,,,0.002,0.9,0.9,1.805,6.518,3.5,6.508696590130946,45.529175166580494,15.000000000001679,False,4,False,23.238857142857142,settling timeout,contact detected,torso contact detected,negative joint margin,,,,-0.009219859750139836,0.1407368635957676,0.12621049667606984
-0.006750744134973452,0.10824586848367365,0.2766906606826235,0.13439807204143267,0.05984945574133635,0.35447246373424013,0.11335622306147006,16.29485714285714,-0.00924437287224622,0.11094041242840649,0.3025126173635565,0.1419680040256333,0.07436228288581638,0.30957856647124754,0.12868111116121947,21.654857142857143,s4_damp0.002_knull5,not settled,contact detected,torso contact detected,worst-arm saturation 21.7% > 20.0% threshold,rotation RMSE 0.1287 rad > 0.0142 rad (2x stage-2 winner) guard,,,,0.002,0.9,0.9,1.805,6.518,5.0,4.415602576775,30.16367359199993,15.000000000001679,False,4,False,21.654857142857143,settling timeout,contact detected,torso contact detected,negative joint margin,,,,-0.00924437287224622,0.1419680040256333,0.12868111116121947
-0.006802282571074958,0.20961196504905136,0.3667419521214472,0.23497537163674245,0.14714742020391894,0.4844537223338671,0.21281563389881886,6.959999999999999,-0.006607691694730633,0.29933010420225575,0.4756972123414729,0.3179847668145151,0.2307744186944037,0.5666528430695238,0.2858992313740358,11.155428571428573,s4_damp0.004309_knull0,not settled,contact detected,torso contact detected,rotation RMSE 0.2859 rad > 0.0142 rad (2x stage-2 winner) guard,,,,,0.004309,0.9,0.9,1.805,6.518,0.0,1.3794199091811048,2.6512892727835378,15.000000000001679,False,4,False,11.155428571428573,settling timeout,contact detected,torso contact detected,negative joint margin,,,,-0.006802282571074958,0.3179847668145151,0.2858992313740358
-0.006801209909887529,0.15905294493239044,0.3033303296934884,0.17962234821925896,0.07783628226877426,0.260901220043768,0.11573061901704837,5.646857142857143,-0.006823725174378126,0.14941702100673235,0.3617183920881831,0.17934179706503608,0.07444163071142511,0.3685488232562054,0.12750978173834415,6.107428571428572,s4_damp0.004309_knull0.5,not settled,contact detected,torso contact detected,rotation RMSE 0.1275 rad > 0.0142 rad (2x stage-2 winner) guard,,,,,0.004309,0.9,0.9,1.805,6.518,0.5,0.8549920257997106,2.354003134172391,15.000000000001679,False,4,False,6.107428571428572,settling timeout,contact detected,torso contact detected,negative joint margin,,,,-0.006823725174378126,0.17962234821925896,0.12750978173834415
-0.006834864494830395,0.13374497339832736,0.2619327981303402,0.15480683344706697,0.05648185902402829,0.2761759317486096,0.09274121408236656,4.574857142857143,-0.006632454401653831,0.14597380580308214,0.2619688866029455,0.16532869573929254,0.06513741768725058,0.26891666840254314,0.10019590255999046,5.396571428571429,s4_damp0.004309_knull1,not settled,contact detected,torso contact detected,rotation RMSE 0.1002 rad > 0.0142 rad (2x stage-2 winner) guard,,,,,0.004309,0.9,0.9,1.805,6.518,1.0,1.013248128738924,2.540669806272583,15.000000000001679,False,4,False,5.396571428571429,settling timeout,contact detected,torso contact detected,negative joint margin,,,,-0.006834864494830395,0.16532869573929254,0.10019590255999046
-0.0068588150315256335,0.11202712977419606,0.26202689583750227,0.135326236371769,0.04101553522639173,0.27263582723841223,0.07815864885732128,5.186285714285714,-0.0066253416341348625,0.127358284205181,0.262273487437233,0.14866186926657185,0.05217504429664865,0.285497632692253,0.0894819597581623,7.253714285714286,s4_damp0.004309_knull2,not settled,contact detected,torso contact detected,rotation RMSE 0.0895 rad > 0.0142 rad (2x stage-2 winner) guard,,,,,0.004309,0.9,0.9,1.805,6.518,2.0,1.204978618007939,4.06862093601367,15.000000000001679,False,4,False,7.253714285714286,settling timeout,contact detected,torso contact detected,negative joint margin,,,,-0.0068588150315256335,0.14866186926657185,0.0894819597581623
-0.006868556796945757,0.10312103884042335,0.26245333080398864,0.12862210226494497,0.034214463527729666,0.27042367552624846,0.07069274417178592,6.771428571428571,-0.009102413833115719,0.11541181716560107,0.26249669444698365,0.14011992096063244,0.03554494119622259,0.28754100453553666,0.07349608317968165,7.4959999999999996,s4_damp0.004309_knull3.5,not settled,contact detected,torso contact detected,rotation RMSE 0.0735 rad > 0.0142 rad (2x stage-2 winner) guard,,,,,0.004309,0.9,0.9,1.805,6.518,3.5,0.943218391486131,3.7425916037158373,15.000000000001679,False,4,False,7.4959999999999996,settling timeout,contact detected,torso contact detected,negative joint margin,,,,-0.009102413833115719,0.14011992096063244,0.07349608317968165
-0.006871594618091503,0.10348634047558251,0.2631053739666981,0.12881061056862458,0.038660942030527064,0.26916098098265523,0.07444444627525162,7.517714285714286,-0.009241491012687675,0.11233820419513325,0.2624945571250209,0.1365482866731818,0.03572512184916821,0.27796028229554554,0.07178412591898561,8.184,s4_damp0.004309_knull5,not settled,contact detected,torso contact detected,rotation RMSE 0.0744 rad > 0.0142 rad (2x stage-2 winner) guard,,,,,0.004309,0.9,0.9,1.805,6.518,5.0,0.9712502082251326,3.3854519097641953,15.000000000001679,False,4,False,8.184,settling timeout,contact detected,torso contact detected,negative joint margin,,,,-0.009241491012687675,0.1365482866731818,0.07444444627525162
-0.006908267291401149,0.1401443254674081,0.261773216367245,0.1598682864502494,0.059930971945024156,0.21745897606989162,0.09357348121023124,2.345142857142857,-0.007109833921576492,0.14109350239192783,0.26176790223731594,0.16091759990412446,0.058917555731539,0.20626385647526527,0.09108812727398238,1.7840000000000003,s4_damp0.009283_knull0,not settled,contact detected,torso contact detected,rotation RMSE 0.0936 rad > 0.0142 rad (2x stage-2 winner) guard,,,,,0.009283,0.9,0.9,1.805,6.518,0.0,0.5733703893782067,1.290099109518847,15.000000000001679,False,4,False,2.345142857142857,settling timeout,contact detected,torso contact detected,negative joint margin,,,,-0.007109833921576492,0.16091759990412446,0.09357348121023124
-0.006858402321790802,0.11509705071093419,0.2618934932349205,0.13774031686411106,0.030843085765682593,0.2389532318567494,0.05533571088654048,2.0514285714285716,-0.006836410487697453,0.1238366459373052,0.26188473742653023,0.14463278327078738,0.03826349892543254,0.22338515745735205,0.06327088741625467,2.1554285714285712,s4_damp0.009283_knull0.5,not settled,contact detected,torso contact detected,rotation RMSE 0.0633 rad > 0.0142 rad (2x stage-2 winner) guard,,,,,0.009283,0.9,0.9,1.805,6.518,0.5,0.5287334842732718,1.2725066719356712,15.000000000001679,False,4,False,2.1554285714285712,settling timeout,contact detected,torso contact detected,negative joint margin,,,,-0.006858402321790802,0.14463278327078738,0.06327088741625467
-0.006876866114894131,0.10858197593409737,0.261969485190295,0.13281435840449995,0.024978716395220035,0.242425064273197,0.04942223607266723,2.217142857142857,-0.0067703098289619845,0.12033633603990371,0.2619750947913584,0.14172726454192552,0.03373993890539151,0.23837848184163138,0.05957022356080613,2.5085714285714285,s4_damp0.009283_knull1,not settled,contact detected,torso contact detected,rotation RMSE 0.0596 rad > 0.0142 rad (2x stage-2 winner) guard,,,,,0.009283,0.9,0.9,1.805,6.518,1.0,0.578395383420605,1.4518302655466842,15.000000000001679,False,4,False,2.5085714285714285,settling timeout,contact detected,torso contact detected,negative joint margin,,,,-0.006876866114894131,0.14172726454192552,0.05957022356080613
-0.0069277883040865795,0.1032751260243226,0.2619943040284338,0.12895599672039046,0.021379993235425065,0.2415687141873795,0.045653007553858614,2.244571428571428,-0.006697374612995688,0.1181326147562018,0.2620495978650937,0.1400537389403754,0.030120455202980574,0.23619116644624547,0.05622998624502354,2.9085714285714284,s4_damp0.009283_knull2,not settled,contact detected,torso contact detected,rotation RMSE 0.0562 rad > 0.0142 rad (2x stage-2 winner) guard,,,,,0.009283,0.9,0.9,1.805,6.518,2.0,0.6285514615125875,1.6651985631311483,15.000000000001679,False,4,False,2.9085714285714284,settling timeout,contact detected,torso contact detected,negative joint margin,,,,-0.0069277883040865795,0.1400537389403754,0.05622998624502354
-0.00696347805080233,0.10044733191451902,0.26193502018858994,0.12704772352582208,0.021133766652964677,0.24081550420839223,0.04531081481922511,3.550857142857143,-0.006692961237842798,0.13276556793088257,0.26186573311868283,0.15342814081187098,0.03525474778539135,0.2409601215607561,0.06016020644192924,6.804571428571428,s4_damp0.009283_knull3.5,not settled,contact detected,torso contact detected,rotation RMSE 0.0602 rad > 0.0142 rad (2x stage-2 winner) guard,,,,,0.009283,0.9,0.9,1.805,6.518,3.5,0.7813159497400268,2.51958964602716,15.000000000001679,False,4,False,6.804571428571428,settling timeout,contact detected,torso contact detected,negative joint margin,,,,-0.00696347805080233,0.15342814081187098,0.06016020644192924
-0.006977701231213551,0.10301485066331617,0.2618004962065853,0.12848441579658576,0.027625669220670362,0.24204727156392294,0.05253860225093727,4.722285714285714,-0.006766103448591743,0.15315086555585358,0.29633039075708345,0.1714409132887812,0.054054242162363736,0.24564240188453032,0.08096205862288477,7.606857142857143,s4_damp0.009283_knull5,not settled,contact detected,torso contact detected,rotation RMSE 0.0810 rad > 0.0142 rad (2x stage-2 winner) guard,,,,,0.009283,0.9,0.9,1.805,6.518,5.0,0.9172280140590376,2.826517940806456,15.000000000001679,False,4,False,7.606857142857143,settling timeout,contact detected,torso contact detected,negative joint margin,,,,-0.006977701231213551,0.1714409132887812,0.08096205862288477
-0.0067732873307639885,0.10288227989125112,0.2618667864782381,0.12741386655849885,0.01947239745733062,0.13803106834381337,0.03106561368324912,1.0708571428571427,-0.007650570261702239,0.1044262040262507,0.2618589339943983,0.1281566106664669,0.020675175746629085,0.1285306354274436,0.03184708179710534,1.1211428571428572,s4_damp0.02_knull0,not settled,rotation RMSE 0.0318 rad > 0.0142 rad (2x stage-2 winner) guard,,,,,,,0.02,0.9,0.9,1.805,6.518,0.0,0.340467365774866,1.1319094116561526,15.000000000001679,False,4,False,1.1211428571428572,settling timeout,negative joint margin,,,,,,-0.007650570261702239,0.1281566106664669,0.03184708179710534
-0.006757216761136942,0.09687608127975353,0.2619725140166269,0.12501797788682076,0.011384686165017864,0.17865706716131163,0.02859410221789724,1.224,-0.007451784600553957,0.09845434698605429,0.26197296907114703,0.12573103276487815,0.01331480188743677,0.17052009000998128,0.029025342147294044,1.2845714285714285,s4_damp0.02_knull0.5,not settled,contact detected,torso contact detected,rotation RMSE 0.0290 rad > 0.0142 rad (2x stage-2 winner) guard,,,,,0.02,0.9,0.9,1.805,6.518,0.5,0.37155702928976153,1.1307200416390688,15.000000000001679,False,4,False,1.2845714285714285,settling timeout,contact detected,torso contact detected,negative joint margin,,,,-0.007451784600553957,0.12573103276487815,0.029025342147294044
-0.006820882230431646,0.09686633216181074,0.2619566948471928,0.12505569035432845,0.012031585629591291,0.1811831033636887,0.029391404908142918,1.2297142857142858,-0.007220313082498375,0.09999227455818717,0.2619839440222952,0.1266970060021748,0.014757179876167165,0.1744205521239786,0.03125127192373876,1.3177142857142858,s4_damp0.02_knull1,not settled,contact detected,torso contact detected,rotation RMSE 0.0313 rad > 0.0142 rad (2x stage-2 winner) guard,,,,,0.02,0.9,0.9,1.805,6.518,1.0,0.41091385487787147,1.1366203144831284,15.000000000001679,False,4,False,1.3177142857142858,settling timeout,contact detected,torso contact detected,negative joint margin,,,,-0.007220313082498375,0.1266970060021748,0.03125127192373876
-0.006915381998496173,0.09701501203249668,0.26191942491276976,0.12510837034043681,0.01290325806557673,0.18161210472961956,0.029593648706570608,1.254857142857143,-0.006931910211752879,0.10406011069379117,0.26195877201507806,0.1292524393533435,0.017260902264579867,0.17592046475717318,0.0339713019751092,1.3268571428571427,s4_damp0.02_knull2,not settled,contact detected,torso contact detected,rotation RMSE 0.0340 rad > 0.0142 rad (2x stage-2 winner) guard,,,,,0.02,0.9,0.9,1.805,6.518,2.0,0.4627879123228499,1.1448247109254952,15.000000000001679,False,4,False,1.3268571428571427,settling timeout,contact detected,torso contact detected,negative joint margin,,,,-0.006931910211752879,0.1292524393533435,0.0339713019751092
-0.006963742028152531,0.09710604681855609,0.2619072121041917,0.12510892181421127,0.013869558449499575,0.1811356377926444,0.029999575825379758,1.5417142857142856,-0.00677181856694542,0.10876079492472172,0.2619454468447281,0.1323455206414843,0.019285973175911585,0.1760962654033912,0.03627064820797177,2.346285714285714,s4_damp0.02_knull3.5,not settled,contact detected,torso contact detected,rotation RMSE 0.0363 rad > 0.0142 rad (2x stage-2 winner) guard,,,,,0.02,0.9,0.9,1.805,6.518,3.5,0.5180942674663581,1.1801759611433469,15.000000000001679,False,4,False,2.346285714285714,settling timeout,contact detected,torso contact detected,negative joint margin,,,,-0.006963742028152531,0.1323455206414843,0.03627064820797177
-0.006982995853708207,0.09849957828042676,0.26190241552501925,0.12577404589240618,0.0160971890849081,0.1809331576625311,0.03221722049380818,2.1725714285714286,-0.006635589418521715,0.120875127103218,0.26192931780983525,0.14159873768438314,0.029972863828059762,0.17826579372132934,0.05124821542332404,3.7097142857142855,s4_damp0.02_knull5,not settled,contact detected,torso contact detected,rotation RMSE 0.0512 rad > 0.0142 rad (2x stage-2 winner) guard,,,,,0.02,0.9,0.9,1.805,6.518,5.0,0.6090372193797928,1.7261116681911093,15.000000000001679,False,4,False,3.7097142857142855,settling timeout,contact detected,torso contact detected,negative joint margin,,,,-0.006982995853708207,0.14159873768438314,0.05124821542332404
-0.006667571957919893,0.1013178587914414,0.26191717744063936,0.12688408195956427,0.007081694371738515,0.03343220494178535,0.00926854831626558,0.6251428571428572,-0.007232104855797505,0.10157858488564193,0.26191036263527545,0.1267078950093993,0.009135367294996203,0.027177951906745414,0.011235612219103783,0.592,s4_damp0.04309_knull0,,,,,,,,,0.04309,0.9,0.9,1.805,6.518,0.0,0.2685261018232155,0.9319196620302774,9.998000000000008,True,4,False,0.6251428571428572,negative joint margin,,,,,,,-0.007232104855797505,0.12688408195956427,0.011235612219103783
-0.001920601570831515,0.09901783362592476,0.2620152424856975,0.12576213031580288,0.005498543988560144,0.03571428284979233,0.008320545768768626,0.512,-0.006660193008324988,0.09879239133369688,0.26200461914463075,0.12557590427779539,0.005614259887725141,0.03499166098605196,0.008399611894651566,0.488,s4_damp0.04309_knull0.5,,,,,,,,,0.04309,0.9,0.9,1.805,6.518,0.5,0.28533318932415563,0.8850089549857169,9.903999999999977,True,4,False,0.512,negative joint margin,,,,,,,-0.006660193008324988,0.12576213031580288,0.008399611894651566
-0.0019877981643743325,0.09885110075645327,0.26199787151846937,0.12566891375394953,0.005747865113070603,0.03645783550368797,0.008554627690876757,0.49028571428571427,-0.006764774147741459,0.09855309082133401,0.2619942930653282,0.12544621722305954,0.005916877987248484,0.036946033720076724,0.008731214849773185,0.4377142857142857,s4_damp0.04309_knull1,,,,,,,,,0.04309,0.9,0.9,1.805,6.518,1.0,0.3064553134662731,0.8804052748528227,9.817999999999948,True,4,False,0.49028571428571427,negative joint margin,,,,,,,-0.006764774147741459,0.12566891375394953,0.008731214849773185
-0.0017622184129861829,0.09882300167950267,0.26195841398717906,0.12563825324403824,0.006317423063107439,0.036453188013479874,0.00889648247745623,0.496,-0.006805018282900033,0.09888403563471852,0.2619565284766108,0.12562147892545172,0.006953912509151689,0.03708984414927204,0.009603036770088247,0.3782857142857143,s4_damp0.04309_knull2,,,,,,,,,0.04309,0.9,0.9,1.805,6.518,2.0,0.34487739453476124,0.8800668210779246,9.697999999999908,True,4,False,0.496,negative joint margin,,,,,,,-0.006805018282900033,0.12563825324403824,0.009603036770088247
-0.0011642121165680308,0.0989786159355934,0.26192271956177965,0.12570998058964555,0.006969522475263081,0.036391675764277015,0.00963773815061612,0.5314285714285714,-0.006780328716368356,0.1012131130187284,0.26192363700750865,0.12705340471942217,0.00908358021213568,0.05839220802972095,0.014108261344717836,0.792,s4_damp0.04309_knull3.5,contact detected,torso contact detected,,,,,,,0.04309,0.9,0.9,1.805,6.518,3.5,0.3901350553674181,1.007588536929012,9.421999999999816,True,4,False,0.792,,,,,contact detected,torso contact detected,negative joint margin,-0.006780328716368356,0.12705340471942217,0.014108261344717836
-0.003183185351842699,0.09930084694126669,0.26190280086222945,0.12588092302268555,0.007337782522541259,0.03638083973288314,0.010234191380268398,0.8868571428571429,-0.00676302636873416,0.10779457138267953,0.26190729246270544,0.13171481887088216,0.015547111239753884,0.10621800135418805,0.0285419486722782,1.6057142857142856,s4_damp0.04309_knull5,,,,,,contact detected,torso contact detected,rotation RMSE 0.0285 rad > 0.0142 rad (2x stage-2 winner) guard,0.04309,0.9,0.9,1.805,6.518,5.0,0.4538278052424244,1.4370910660278327,9.191999999999739,True,4,False,1.6057142857142856,,,,,contact detected,torso contact detected,negative joint margin,-0.00676302636873416,0.13171481887088216,0.0285419486722782
-0.006759954871135232,0.12160427090038195,0.26198939569934765,0.1402681806433885,0.017485541998742627,0.09535948373410517,0.02850239553573937,0.0,-0.007012676304638532,0.12481803548527177,0.26198901453075846,0.1424692963069405,0.021761523067562856,0.11344804674150866,0.03571352186458498,0.0,s4_damp0.09283_knull0,not settled,rotation RMSE 0.0357 rad > 0.0142 rad (2x stage-2 winner) guard,,,,,,,0.09283,0.9,0.9,1.805,6.518,0.0,0.26742833181859166,0.6864689573230929,15.000000000001679,False,4,False,0.0,settling timeout,negative joint margin,,,,,,-0.007012676304638532,0.1424692963069405,0.03571352186458498
-0.006561145079583941,0.1141724998047494,0.26209479867149366,0.13627250575310676,0.005286155834579188,0.026261862580875532,0.007321702327707964,0.0,-0.007179432471110747,0.11316344655610776,0.2620890359394857,0.13534234041122342,0.0055580028828264155,0.028866608290740822,0.007898829514033649,0.0,s4_damp0.09283_knull0.5,not settled,,,,,,,,0.09283,0.9,0.9,1.805,6.518,0.5,0.24749676471969703,0.675122285325199,15.000000000001679,False,4,False,0.0,settling timeout,negative joint margin,,,,,,-0.007179432471110747,0.13627250575310676,0.007898829514033649
-0.0066128916711742924,0.11360385088809886,0.2620863646877967,0.1357599053578831,0.004988440790355976,0.0199001449298758,0.006528141148799049,0.0,-0.007060989414275909,0.1125619838127924,0.26209057860639345,0.1348240435811124,0.00517318692601919,0.02204082864664898,0.00684829591862219,0.0,s4_damp0.09283_knull1,not settled,,,,,,,,0.09283,0.9,0.9,1.805,6.518,1.0,0.25489387446317124,0.6737948114972684,15.000000000001679,False,4,False,0.0,settling timeout,negative joint margin,,,,,,-0.007060989414275909,0.1357599053578831,0.00684829591862219
-0.00668809103656498,0.11313209337140935,0.2620603672433889,0.13533549509594126,0.004985016277272342,0.014697722899449943,0.006183672318473002,0.0,-0.006846456442959781,0.11174429979000106,0.2620632040782342,0.13413211773108533,0.005114783401513591,0.011888483838225267,0.0061573619322358945,0.0,s4_damp0.09283_knull2,not settled,,,,,,,,0.09283,0.9,0.9,1.805,6.518,2.0,0.27383999556212113,0.6728182598877915,15.000000000001679,False,4,False,0.0,settling timeout,negative joint margin,,,,,,-0.006846456442959781,0.13533549509594126,0.006183672318473002
-0.006749075314203878,0.11300362859039406,0.2620329401350259,0.13521206192883148,0.005218915729800547,0.01375067787586959,0.006379197795898276,0.0,-0.006594691150875409,0.11151755170717682,0.26203048588860445,0.13399867314213593,0.0062282273932302646,0.03272924229816247,0.008220480417177036,0.0,s4_damp0.09283_knull3.5,not settled,,,,,,,,0.09283,0.9,0.9,1.805,6.518,3.5,0.3089646769247061,0.7317839955396953,15.000000000001679,False,4,False,0.0,settling timeout,negative joint margin,,,,,,-0.006749075314203878,0.13521206192883148,0.008220480417177036
-0.0067823372955944095,0.11307551978369353,0.26201418704723606,0.13526710552841345,0.0054014904761551085,0.014754011223413677,0.006641100387778363,0.0,-0.004680936303084415,0.11324031478175506,0.2620065583965644,0.1353705502505748,0.009127999334676276,0.05588316763099886,0.014875996935271082,0.7394285714285714,s4_damp0.09283_knull5,not settled,contact detected,torso contact detected,rotation RMSE 0.0149 rad > 0.0142 rad (2x stage-2 winner) guard,,,,,0.09283,0.9,0.9,1.805,6.518,5.0,0.35366377178644776,1.0245411638744815,15.000000000001679,False,4,False,0.7394285714285714,settling timeout,contact detected,torso contact detected,negative joint margin,,,,-0.0067823372955944095,0.1353705502505748,0.014875996935271082
-0.006689166413405445,0.1675480421227238,0.26238688006803823,0.18044836229444236,0.035087292641892,0.14265670687530224,0.05180909935238103,0.0,-0.006658512634499569,0.17221253259237004,0.26674091091720215,0.18483497210743538,0.038243437063532164,0.14864049728542014,0.05624766260073868,0.0,s4_damp0.2_knull0,not settled,contact detected,torso contact detected,rotation RMSE 0.0562 rad > 0.0142 rad (2x stage-2 winner) guard,,,,,0.2,0.9,0.9,1.805,6.518,0.0,0.24381485126771626,0.6382991576272964,15.000000000001679,False,4,False,0.0,settling timeout,contact detected,torso contact detected,negative joint margin,,,,-0.006689166413405445,0.18483497210743538,0.05624766260073868
-0.006582410186887433,0.14646235181791398,0.2628052534571655,0.16334241555382845,0.012392103586133872,0.06555091887918711,0.02124268835323138,0.0,-0.0066864179141004065,0.14530040878819797,0.26284981283651215,0.16219482892728215,0.012549781359978383,0.0657309723203511,0.02128025330349284,0.0,s4_damp0.2_knull0.5,not settled,rotation RMSE 0.0213 rad > 0.0142 rad (2x stage-2 winner) guard,,,,,,,0.2,0.9,0.9,1.805,6.518,0.5,0.18875342438382536,0.3665834970308508,15.000000000001679,False,4,False,0.0,settling timeout,negative joint margin,,,,,,-0.0066864179141004065,0.16334241555382845,0.02128025330349284
-0.006574129790840821,0.14622732550431783,0.2628158535313656,0.16305696057085833,0.011863549321508628,0.06319220955465371,0.020104050479197326,0.0,-0.00668144090160494,0.1452895141764726,0.2628868480927507,0.16218637481148787,0.012461344436473338,0.06615574845384228,0.02114283987896643,0.0,s4_damp0.2_knull1,not settled,rotation RMSE 0.0211 rad > 0.0142 rad (2x stage-2 winner) guard,,,,,,,0.2,0.9,0.9,1.805,6.518,1.0,0.18735750032110374,0.36126783521419825,15.000000000001679,False,4,False,0.0,settling timeout,negative joint margin,,,,,,-0.00668144090160494,0.16305696057085833,0.02114283987896643
-0.0065558884835072995,0.145710267468237,0.26280498804526287,0.1624599522870404,0.010886333854863605,0.056254362720303,0.017917235858190883,0.0,-0.006680406466001099,0.14440045047610695,0.2628726655372885,0.16114884542157332,0.010651929564381298,0.054350517220693194,0.01721822523349197,0.0,s4_damp0.2_knull2,not settled,rotation RMSE 0.0179 rad > 0.0142 rad (2x stage-2 winner) guard,,,,,,,0.2,0.9,0.9,1.805,6.518,2.0,0.18363268151470283,0.3378420671204501,15.000000000001679,False,4,False,0.0,settling timeout,negative joint margin,,,,,,-0.006680406466001099,0.1624599522870404,0.017917235858190883
-0.006572794731461329,0.14534848796404243,0.26279457880935025,0.16206656383310034,0.010340801956587107,0.05167883626966266,0.016604119157273188,0.0,-0.006670049950808998,0.14349577113602863,0.26285245506957455,0.16011939611273004,0.008854293986482489,0.04158227035177608,0.013168303743425609,0.0,s4_damp0.2_knull3.5,not settled,rotation RMSE 0.0166 rad > 0.0142 rad (2x stage-2 winner) guard,,,,,,,0.2,0.9,0.9,1.805,6.518,3.5,0.1847799832750243,0.3173275566155425,15.000000000001679,False,4,False,0.0,settling timeout,negative joint margin,,,,,,-0.006670049950808998,0.16206656383310034,0.016604119157273188
-0.006589341540723659,0.14519905262093494,0.26278832827567744,0.1619223509023686,0.010232704559728262,0.04996283650790994,0.016255021679305964,0.0,-0.006710468294681693,0.14294856030540815,0.26283630899988797,0.15950812451071109,0.007790055588707501,0.032923994808573886,0.010697033288504685,0.0,s4_damp0.2_knull5,not settled,rotation RMSE 0.0163 rad > 0.0142 rad (2x stage-2 winner) guard,,,,,,,0.2,0.9,0.9,1.805,6.518,5.0,0.19982783510565474,0.38644740599929095,15.000000000001679,False,4,False,0.0,settling timeout,negative joint margin,,,,,,-0.006710468294681693,0.1619223509023686,0.016255021679305964
